fecha,conductor,ultimo_fin
2025-01-02,Kevin Flores,16:06
2025-01-02,Peter Fuentealba,17:03
2025-01-02,Ricardo Ahumada,13:05
2025-01-02,Rodrigo Robledo,17:30
2025-01-03,Kevin Flores,16:37
2025-01-03,Peter Fuentealba,16:36
2025-01-03,Ricardo Ahumada,15:34
2025-01-03,Rodrigo Robledo,15:56
2025-01-06,Peter Fuentealba,15:55
2025-01-06,Ricardo Ahumada,16:59
2025-01-06,Rodrigo Robledo,14:54
2025-01-07,Kevin Flores,15:42
2025-01-07,Peter Fuentealba,17:49
2025-01-07,Rodrigo Robledo,16:38
2025-01-08,Peter Fuentealba,16:50
2025-01-08,Ricardo Ahumada,17:35
2025-01-08,Rodrigo Robledo,21:48
2025-01-09,Peter Fuentealba,17:23
2025-01-09,Ricardo Ahumada,17:52
2025-01-09,Rodrigo Robledo,17:05
2025-01-10,Nelson Gonzalez,15:08
2025-01-10,Peter Fuentealba,15:05
2025-01-10,Ricardo Ahumada,16:51
2025-01-10,Rodrigo Robledo,15:26
2025-01-13,Peter Fuentealba,17:33
2025-01-13,Ricardo Ahumada,17:49
2025-01-13,Rodrigo Robledo,16:27
2025-01-14,Nelson Gonzalez,17:13
2025-01-14,Peter Fuentealba,15:07
2025-01-14,Ricardo Ahumada,18:23
2025-01-14,Rodrigo Robledo,16:14
2025-01-15,Nelson Gonzalez,17:37
2025-01-15,Peter Fuentealba,17:14
2025-01-15,Rodrigo Robledo,17:24
2025-01-16,Nelson Gonzalez,15:10
2025-01-16,Peter Fuentealba,15:41
2025-01-16,Ricardo Ahumada,17:23
2025-01-16,Rodrigo Robledo,15:36
2025-01-17,Nelson Gonzalez,13:50
2025-01-17,Peter Fuentealba,15:26
2025-01-17,Ricardo Ahumada,17:45
2025-01-17,Rodrigo Robledo,14:22
2025-01-20,Nelson Gonzalez,12:39
2025-01-20,Peter Fuentealba,16:18
2025-01-20,Ricardo Ahumada,16:00
2025-01-20,Rodrigo Robledo,15:44
2025-01-21,Nelson Gonzalez,15:31
2025-01-21,Peter Fuentealba,16:11
2025-01-21,Ricardo Ahumada,17:01
2025-01-21,Rodrigo Robledo,16:14
2025-01-22,David Hidalgo,15:59
2025-01-22,Nelson Gonzalez,16:52
2025-01-22,Peter Fuentealba,17:06
2025-01-23,David Hidalgo,17:37
2025-01-23,Nelson Gonzalez,18:22
2025-01-23,Peter Fuentealba,19:25
2025-01-23,Rodrigo Robledo,17:59
2025-01-24,Nelson Gonzalez,15:41
2025-01-24,Peter Fuentealba,18:21
2025-01-24,Rodrigo Robledo,14:16
2025-01-27,David Hidalgo,12:47
2025-01-27,Peter Fuentealba,18:42
2025-01-27,Robinson Nieva,16:17
2025-01-27,Rodrigo Robledo,17:48
2025-01-28,Cristopher Hidalgo,19:14
2025-01-28,David Hidalgo,17:13
2025-01-28,Peter Fuentealba,17:39
2025-01-28,Robinson Nieva,17:04
2025-01-28,Rodrigo Robledo,16:58
2025-01-29,Peter Fuentealba,15:45
2025-01-29,Ricardo Ahumada,17:40
2025-01-29,Robinson Nieva,17:27
2025-01-29,Rodrigo Robledo,15:50
2025-01-30,Jorge Lopez,14:01
2025-01-30,Peter Fuentealba,18:45
2025-01-30,Ricardo Ahumada,15:02
2025-01-30,Robinson Nieva,15:38
2025-01-30,Rodrigo Robledo,14:06
2025-01-31,David Hidalgo,13:25
2025-01-31,Jorge Lopez,11:40
2025-01-31,Peter Fuentealba,16:39
2025-01-31,Robinson Nieva,18:09
2025-01-31,Rodrigo Robledo,16:12
2025-02-03,Jorge Lopez,16:02
2025-02-03,Peter Fuentealba,16:02
2025-02-03,Robinson Nieva,16:13
2025-02-03,Rodrigo Robledo,16:07
2025-02-04,Jorge Lopez,16:24
2025-02-04,Peter Fuentealba,14:35
2025-02-04,Ricardo Ahumada,18:15
2025-02-05,Cristopher Hidalgo,10:13
2025-02-05,Jorge Lopez,17:09
2025-02-05,Peter Fuentealba,15:30
2025-02-05,Ricardo Ahumada,16:34
2025-02-05,Rodrigo Robledo,16:44
2025-02-06,Peter Fuentealba,18:17
2025-02-06,Ricardo Ahumada,17:11
2025-02-06,Rodrigo Robledo,14:24
2025-02-07,Cristopher Hidalgo,12:56
2025-02-07,Peter Fuentealba,15:46
2025-02-07,Ricardo Ahumada,15:13
2025-02-07,Rodrigo Robledo,15:03
2025-02-10,Peter Fuentealba,18:20
2025-02-10,Ricardo Ahumada,17:44
2025-02-10,Rodrigo Robledo,17:13
2025-02-11,Peter Fuentealba,17:25
2025-02-11,Ricardo Ahumada,17:14
2025-02-11,Rodrigo Robledo,15:56
2025-02-12,Peter Fuentealba,16:19
2025-02-12,Ricardo Ahumada,17:19
2025-02-12,Rodrigo Robledo,15:45
2025-02-13,Jorge Mateluna,13:21
2025-02-13,Peter Fuentealba,15:13
2025-02-13,Ricardo Ahumada,21:28
2025-02-13,Rodrigo Robledo,13:50
2025-02-14,Jorge Mateluna,16:26
2025-02-14,Peter Fuentealba,15:54
2025-02-14,Ricardo Ahumada,17:21
2025-02-14,Rodrigo Robledo,14:48
2025-02-17,Peter Fuentealba,16:42
2025-02-17,Ricardo Ahumada,16:42
2025-02-17,Rodrigo Robledo,16:42
2025-02-18,Peter Fuentealba,16:31
2025-02-18,Ricardo Ahumada,16:42
2025-02-18,Rodrigo Robledo,17:00
2025-02-19,Peter Fuentealba,18:10
2025-02-19,Ricardo Ahumada,16:49
2025-02-19,Rodrigo Robledo,17:03
2025-02-20,David Hidalgo,13:22
2025-02-20,Peter Fuentealba,18:08
2025-02-20,Ricardo Ahumada,18:21
2025-02-20,Rodrigo Robledo,18:21
2025-02-21,Peter Fuentealba,16:20
2025-02-21,Ricardo Ahumada,17:03
2025-02-21,Rodrigo Robledo,17:20
2025-02-24,Jorge Mateluna,18:11
2025-02-24,Peter Fuentealba,18:39
2025-02-24,Ricardo Ahumada,16:50
2025-02-24,Rodrigo Robledo,18:38
2025-02-25,Jorge Mateluna,18:53
2025-02-25,Peter Fuentealba,16:41
2025-02-25,Ricardo Ahumada,22:55
2025-02-25,Rodrigo Robledo,16:25
2025-02-26,David Hidalgo,13:41
2025-02-26,Jorge Mateluna,16:24
2025-02-26,Peter Fuentealba,14:27
2025-02-26,Ricardo Ahumada,17:08
2025-02-26,Rodrigo Robledo,17:01
2025-02-27,Jorge Mateluna,18:41
2025-02-27,Peter Fuentealba,16:21
2025-02-27,Ricardo Ahumada,17:59
2025-02-27,Rodrigo Robledo,17:32
2025-02-28,Cristopher Hidalgo,11:35
2025-02-28,Jorge Mateluna,19:20
2025-02-28,Peter Fuentealba,16:53
2025-02-28,Rodrigo Robledo,18:03
2025-03-03,Jorge Mateluna,17:33
2025-03-03,Peter Fuentealba,17:09
2025-03-03,Rodrigo Robledo,16:16
2025-03-04,Jorge Mateluna,16:01
2025-03-04,Macarena Miralles,18:02
2025-03-04,Peter Fuentealba,16:47
2025-03-04,Ricardo Ahumada,16:26
2025-03-05,David Hidalgo,13:00
2025-03-05,Macarena Miralles,16:30
2025-03-05,Peter Fuentealba,16:48
2025-03-05,Ricardo Ahumada,18:27
2025-03-05,Rodrigo Robledo,17:52
2025-03-06,Alvaro Fazekas,08:38
2025-03-06,David Hidalgo,15:13
2025-03-06,Jorge Mateluna,17:05
2025-03-06,Peter Fuentealba,17:03
2025-03-06,Ricardo Ahumada,11:55
2025-03-06,Rodrigo Robledo,19:18
2025-03-07,Jorge Mateluna,13:27
2025-03-07,Peter Fuentealba,16:07
2025-03-07,Ricardo Ahumada,15:29
2025-03-07,Rodrigo Robledo,15:58
2025-03-10,Peter Fuentealba,17:24
2025-03-10,Ricardo Ahumada,14:44
2025-03-10,Rodrigo Robledo,18:19
2025-03-11,Peter Fuentealba,15:29
2025-03-11,Ricardo Ahumada,16:59
2025-03-11,Rodrigo Robledo,16:49
2025-03-12,Peter Fuentealba,16:46
2025-03-12,Ricardo Ahumada,16:53
2025-03-12,Rodrigo Robledo,17:13
2025-03-13,Peter Fuentealba,17:15
2025-03-13,Ricardo Ahumada,18:14
2025-03-13,Rodrigo Robledo,15:49
2025-03-14,Peter Fuentealba,15:40
2025-03-14,Ricardo Ahumada,15:43
2025-03-14,Rodrigo Robledo,14:18
2025-03-17,Peter Fuentealba,17:54
2025-03-17,Ricardo Ahumada,18:25
2025-03-17,Rodrigo Robledo,16:47
2025-03-18,David Hidalgo,16:47
2025-03-18,Peter Fuentealba,15:52
2025-03-18,Ricardo Ahumada,18:20
2025-03-18,Rodrigo Robledo,16:50
2025-03-19,Cristopher Hidalgo,17:19
2025-03-19,David Hidalgo,17:32
2025-03-19,Peter Fuentealba,18:37
2025-03-19,Rodrigo Robledo,17:39
2025-03-20,Cristopher Hidalgo,16:55
2025-03-20,David Hidalgo,16:14
2025-03-20,Peter Fuentealba,17:32
2025-03-20,Rodrigo Robledo,17:34
2025-03-21,Peter Fuentealba,15:12
2025-03-21,Ricardo Ahumada,13:31
2025-03-21,Rodrigo Robledo,16:12
2025-03-24,Peter Fuentealba,16:54
2025-03-24,Rodrigo Robledo,18:49
2025-03-25,Peter Fuentealba,16:37
2025-03-25,Ricardo Ahumada,16:59
2025-03-25,Rodrigo Robledo,15:52
2025-03-26,Peter Fuentealba,17:37
2025-03-26,Ricardo Ahumada,18:19
2025-03-26,Rodrigo Robledo,16:45
2025-03-27,David Hidalgo,14:36
2025-03-27,Peter Fuentealba,17:15
2025-03-27,Ricardo Ahumada,17:59
2025-03-27,Rodrigo Robledo,19:22
2025-03-28,David Hidalgo,19:29
2025-03-28,Peter Fuentealba,18:19
2025-03-28,Ricardo Ahumada,16:10
2025-03-28,Rodrigo Robledo,16:08
2025-03-31,David Hidalgo,12:57
2025-03-31,Peter Fuentealba,19:17
2025-03-31,Rodrigo Robledo,18:19
2025-04-01,Angel Montero,17:53
2025-04-01,David Hidalgo,16:08
2025-04-01,Peter Fuentealba,17:10
2025-04-01,Rodrigo Robledo,17:57
2025-04-02,David Hidalgo,16:57
2025-04-02,Jorge Gonzalez,12:52
2025-04-02,Peter Fuentealba,17:47
2025-04-02,Ricardo Ahumada,17:23
2025-04-02,Rodrigo Robledo,14:03
2025-04-02,Ruben H,18:51
2025-04-03,David Hidalgo,12:05
2025-04-03,Peter Fuentealba,17:36
2025-04-03,Rodrigo Robledo,18:49
2025-04-04,Cristopher Hidalgo,17:08
2025-04-04,David Hidalgo,14:36
2025-04-04,Jorge Gonzalez,14:14
2025-04-04,Peter Fuentealba,16:23
2025-04-04,Rodrigo Robledo,18:16
2025-04-07,Jorge Gonzalez,14:53
2025-04-07,Peter Fuentealba,17:24
2025-04-07,Rodrigo Robledo,18:32
2025-04-08,David Hidalgo,14:16
2025-04-08,Jorge Gonzalez,12:44
2025-04-08,Peter Fuentealba,18:45
2025-04-08,Rodrigo Robledo,16:49
2025-04-08,Ruben Concha,18:51
2025-04-09,David Hidalgo,15:21
2025-04-09,Peter Fuentealba,19:47
2025-04-09,Rodrigo Robledo,16:36
2025-04-09,Ruben Concha,10:57
2025-04-10,Peter Fuentealba,15:50
2025-04-10,Rodrigo Robledo,14:10
2025-04-10,Ruben Concha,16:12
2025-04-11,Peter Fuentealba,16:05
2025-04-11,Rodrigo Robledo,17:21
2025-04-11,Ruben Concha,16:10
2025-04-14,Peter Fuentealba,16:46
2025-04-14,Ricardo Ahumada,17:01
2025-04-14,Rodrigo Robledo,17:45
2025-04-15,Peter Fuentealba,19:13
2025-04-15,Ricardo Ahumada,17:27
2025-04-15,Rodrigo Robledo,17:09
2025-04-16,David Hidalgo,17:18
2025-04-16,Peter Fuentealba,16:52
2025-04-16,Ricardo Ahumada,17:59
2025-04-16,Rodrigo Robledo,19:05
2025-04-17,Jorge Gonzalez,14:22
2025-04-17,Peter Fuentealba,16:35
2025-04-17,Ricardo Ahumada,16:59
2025-04-17,Rodrigo Robledo,17:14
2025-04-21,Peter Fuentealba,18:48
2025-04-21,Ricardo Ahumada,16:09
2025-04-21,Rodrigo Robledo,17:45
2025-04-22,David Hidalgo,17:44
2025-04-22,Peter Fuentealba,16:39
2025-04-22,Ricardo Ahumada,17:38
2025-04-22,Rodrigo Robledo,16:45
2025-04-23,David Hidalgo,17:51
2025-04-23,Peter Fuentealba,18:48
2025-04-23,Ricardo Ahumada,17:53
2025-04-23,Rodrigo Robledo,17:03
2025-04-24,David Hidalgo,12:46
2025-04-24,Peter Fuentealba,19:14
2025-04-24,Ricardo Ahumada,17:02
2025-04-24,Rodrigo Robledo,17:44
2025-04-25,Jonathan Reyes,17:56
2025-04-25,Peter Fuentealba,16:06
2025-04-25,Ricardo Ahumada,17:10
2025-04-28,Jonathan Reyes,16:49
2025-04-28,Peter Fuentealba,16:12
2025-04-28,Ricardo Ahumada,16:27
2025-04-28,Rodrigo Robledo,14:45
2025-04-29,Jonathan Reyes,17:15
2025-04-29,Peter Fuentealba,16:44
2025-04-29,Ricardo Ahumada,18:04
2025-04-29,Rodrigo Robledo,17:58
2025-04-30,Jonathan Reyes,18:42
2025-04-30,Peter Fuentealba,15:08
2025-04-30,Ricardo Ahumada,17:43
2025-04-30,Rodrigo Robledo,16:32
2025-05-02,David Hidalgo,15:34
2025-05-02,Jonathan Reyes,17:00
2025-05-02,Peter Fuentealba,16:05
2025-05-05,Jonathan Reyes,18:22
2025-05-05,Peter Fuentealba,17:01
2025-05-05,Ricardo Ahumada,15:05
2025-05-05,Rodrigo Robledo,17:31
2025-05-06,Jonathan Reyes,16:34
2025-05-06,Peter Fuentealba,15:54
2025-05-06,Ricardo Ahumada,18:17
2025-05-06,Rodrigo Robledo,17:00
2025-05-07,Jonathan Reyes,18:14
2025-05-07,Peter Fuentealba,16:50
2025-05-07,Ricardo Ahumada,18:00
2025-05-07,Rodrigo Robledo,16:05
2025-05-08,Cristopher Hidalgo,18:39
2025-05-08,David Hidalgo,17:21
2025-05-08,Jonathan Reyes,15:49
2025-05-08,Peter Fuentealba,15:16
2025-05-08,Ricardo Ahumada,14:52
2025-05-08,Ruben H,17:32
2025-05-09,Cristopher Hidalgo,13:55
2025-05-09,Jonathan Reyes,17:03
2025-05-09,Peter Fuentealba,16:15
2025-05-09,Ricardo Ahumada,17:24
2025-05-09,Rodrigo Robledo,14:56
2025-05-12,Jonathan Reyes,14:39
2025-05-12,Peter Fuentealba,15:33
2025-05-12,Ricardo Ahumada,17:06
2025-05-12,Rodrigo Robledo,15:51
2025-05-13,Jonathan Reyes,16:57
2025-05-13,Peter Fuentealba,16:17
2025-05-13,Ricardo Ahumada,18:15
2025-05-13,Rodrigo Robledo,15:39
2025-05-14,Jonathan Reyes,16:33
2025-05-14,Peter Fuentealba,17:37
2025-05-14,Ricardo Ahumada,17:23
2025-05-14,Rodrigo Robledo,17:23
2025-05-15,David Hidalgo,16:51
2025-05-15,Jonathan Reyes,15:36
2025-05-15,Peter Fuentealba,18:19
2025-05-15,Ricardo Ahumada,16:41
2025-05-15,Rodrigo Robledo,18:29
2025-05-16,Jonathan Reyes,17:17
2025-05-16,Peter Fuentealba,18:15
2025-05-16,Ricardo Ahumada,17:02
2025-05-16,Rodrigo Robledo,10:03
2025-05-19,Jonathan Reyes,17:31
2025-05-19,Peter Fuentealba,17:23
2025-05-19,Ricardo Ahumada,13:28
2025-05-19,Rodrigo Robledo,18:29
2025-05-20,David Hidalgo,14:42
2025-05-20,Jonathan Reyes,17:26
2025-05-20,Peter Fuentealba,17:09
2025-05-20,Ricardo Ahumada,17:19
2025-05-20,Rodrigo Robledo,16:23
2025-05-22,David Hidalgo,17:22
2025-05-22,Jonathan Reyes,16:46
2025-05-22,Peter Fuentealba,18:40
2025-05-22,Ricardo Ahumada,17:40
2025-05-22,Rodrigo Robledo,17:21
2025-05-23,Jonathan Reyes,17:16
2025-05-23,Peter Fuentealba,17:23
2025-05-23,Ricardo Ahumada,14:26
2025-05-23,Rodrigo Robledo,17:36
2025-05-23,Ruben H,17:23
2025-05-24,Jonathan Reyes,18:07
2025-05-26,David Hidalgo,14:04
2025-05-26,Jonathan Reyes,13:33
2025-05-26,Peter Fuentealba,14:27
2025-05-26,Ricardo Ahumada,14:17
2025-05-26,Rodrigo Robledo,11:06
2025-05-27,Jonathan Reyes,16:42
2025-05-27,Peter Fuentealba,17:06
2025-05-27,Ricardo Ahumada,17:44
2025-05-27,Rodrigo Robledo,18:13
2025-05-28,Jonathan Reyes,17:24
2025-05-28,Peter Fuentealba,17:15
2025-05-28,Ricardo Ahumada,18:00
2025-05-28,Rodrigo Robledo,18:16
2025-05-29,Jonathan Reyes,15:02
2025-05-29,Peter Fuentealba,15:46
2025-05-29,Ricardo Ahumada,15:25
2025-05-29,Rodrigo Robledo,16:42
2025-05-30,Jonathan Reyes,16:19
2025-05-30,Peter Fuentealba,16:17
2025-05-30,Ricardo Ahumada,12:46
2025-05-30,Rodrigo Robledo,14:29
2025-06-02,Jonathan Reyes,17:35
2025-06-02,Peter Fuentealba,16:51
2025-06-02,Ricardo Ahumada,15:37
2025-06-02,Rodrigo Robledo,17:03
2025-06-03,Jonathan Reyes,15:45
2025-06-03,Ricardo Ahumada,16:30
2025-06-03,Rodrigo Robledo,15:35
2025-06-04,David Hidalgo,13:02
2025-06-04,Jonathan Reyes,15:47
2025-06-04,Peter Fuentealba,16:29
2025-06-04,Ricardo Ahumada,16:35
2025-06-04,Rodrigo Robledo,16:08
2025-06-05,David Hidalgo,16:28
2025-06-05,Jonathan Reyes,17:16
2025-06-05,Peter Fuentealba,18:29
2025-06-06,Jonathan Reyes,18:13
2025-06-06,Peter Fuentealba,15:38
2025-06-06,Rodrigo Robledo,15:38
2025-06-09,Jonathan Reyes,17:39
2025-06-09,Peter Fuentealba,18:15
2025-06-09,Rodrigo Robledo,17:17
2025-06-10,Jonathan Reyes,17:14
2025-06-10,Peter Fuentealba,16:24
2025-06-10,Rodrigo Robledo,18:57
2025-06-11,Jonathan Reyes,16:15
2025-06-11,Peter Fuentealba,16:28
2025-06-11,Ricardo Ahumada,17:22
2025-06-11,Rodrigo Robledo,16:38
2025-06-12,Jonathan Reyes,15:13
2025-06-12,Peter Fuentealba,17:46
2025-06-12,Rodrigo Robledo,13:34
2025-06-13,David Hidalgo,14:41
2025-06-13,Jonathan Reyes,16:27
2025-06-13,Peter Fuentealba,15:49
2025-06-13,Ricardo Ahumada,17:11
2025-06-13,Rodrigo Robledo,13:52
2025-06-16,Cristopher Hidalgo,16:04
2025-06-16,David Hidalgo,10:15
2025-06-16,Jonathan Reyes,18:16
2025-06-16,Peter Fuentealba,15:48
2025-06-16,Ricardo Ahumada,13:20
2025-06-16,Rodrigo Robledo,15:36
2025-06-17,Jonathan Reyes,17:14
2025-06-17,Peter Fuentealba,18:00
2025-06-17,Ricardo Ahumada,16:51
2025-06-17,Rodrigo Robledo,16:43
2025-06-18,Jonathan Reyes,17:12
2025-06-18,Peter Fuentealba,18:32
2025-06-18,Ricardo Ahumada,16:55
2025-06-18,Rodrigo Robledo,17:45
2025-06-19,Jonathan Reyes,14:41
2025-06-19,Peter Fuentealba,15:18
2025-06-19,Ricardo Ahumada,16:15
2025-06-19,Rodrigo Robledo,16:30
2025-06-23,Jonathan Reyes,17:30
2025-06-23,Peter Fuentealba,18:02
2025-06-23,Ricardo Ahumada,17:32
2025-06-23,Rodrigo Robledo,15:10
2025-06-24,Jonathan Reyes,14:50
2025-06-24,Peter Fuentealba,16:51
2025-06-24,Ricardo Ahumada,16:38
2025-06-24,Rodrigo Robledo,15:56
2025-06-25,Jonathan Reyes,14:55
2025-06-25,Peter Fuentealba,16:09
2025-06-25,Ricardo Ahumada,17:22
2025-06-25,Rodrigo Robledo,15:26
2025-06-26,Jonathan Reyes,17:12
2025-06-26,Peter Fuentealba,16:02
2025-06-26,Ricardo Ahumada,18:14
2025-06-26,Rodrigo Robledo,16:57
2025-06-27,Jonathan Reyes,17:03
2025-06-27,Peter Fuentealba,15:56
2025-06-27,Ricardo Ahumada,16:55
2025-06-27,Rodrigo Robledo,16:51
2025-06-30,Jonathan Reyes,17:33
2025-06-30,Peter Fuentealba,17:47
2025-06-30,Ricardo Ahumada,17:33
2025-07-01,David Hidalgo,14:19
2025-07-01,Jonathan Reyes,16:28
2025-07-01,Peter Fuentealba,18:44
2025-07-01,Ricardo Ahumada,14:10
2025-07-01,Rodrigo Robledo,17:43
2025-07-02,Jonathan Reyes,19:28
2025-07-02,Peter Fuentealba,17:19
2025-07-02,Rodrigo Robledo,17:53
2025-07-03,Edwards Hernandez,14:42
2025-07-03,Peter Fuentealba,17:44
2025-07-03,Ricardo Ahumada,17:41
2025-07-03,Rodrigo Robledo,17:42
2025-07-04,David Hidalgo,14:41
2025-07-04,Peter Fuentealba,18:11
2025-07-04,Ricardo Ahumada,16:47
2025-07-04,Rodrigo Robledo,15:29
2025-07-07,David Hidalgo,16:28
2025-07-07,Edwards Hernandez,17:13
2025-07-07,Jorge Gonzalez,14:04
2025-07-07,Peter Fuentealba,19:16
2025-07-07,Ricardo Ahumada,17:33
2025-07-08,Edwards Hernandez,15:37
2025-07-08,Peter Fuentealba,15:09
2025-07-08,Ricardo Ahumada,17:30
2025-07-08,Rodrigo Robledo,18:19
2025-07-09,Edwards Hernandez,15:36
2025-07-09,Peter Fuentealba,15:38
2025-07-09,Ricardo Ahumada,17:15
2025-07-09,Rodrigo Robledo,15:53
2025-07-10,Edwards Hernandez,16:29
2025-07-10,Jorge Gonzalez,11:58
2025-07-10,Peter Fuentealba,16:30
2025-07-10,Ricardo Ahumada,17:54
2025-07-10,Rodrigo Robledo,15:36
2025-07-11,Edwards Hernandez,16:02
2025-07-11,Peter Fuentealba,17:07
2025-07-11,Ricardo Ahumada,17:52
2025-07-11,Rodrigo Robledo,16:41
2025-07-14,Edwards Hernandez,16:45
2025-07-14,Peter Fuentealba,18:14
2025-07-14,Ricardo Ahumada,17:50
2025-07-14,Rodrigo Robledo,15:45
2025-07-15,Edwards Hernandez,18:01
2025-07-15,Peter Fuentealba,17:18
2025-07-15,Ricardo Ahumada,17:22
2025-07-15,Rodrigo Robledo,17:39
2025-07-17,Edwards Hernandez,17:13
2025-07-17,Peter Fuentealba,18:02
2025-07-17,Ricardo Ahumada,17:12
2025-07-17,Rodrigo Robledo,18:15
2025-07-18,David Hidalgo,16:01
2025-07-18,Edwards Hernandez,14:19
2025-07-18,Jorge Gonzalez,11:56
2025-07-18,Peter Fuentealba,14:39
2025-07-18,Ricardo Ahumada,17:34
2025-07-18,Rodrigo Robledo,16:01
2025-07-21,Edwards Hernandez,17:01
2025-07-21,Peter Fuentealba,18:00
2025-07-21,Ricardo Ahumada,16:15
2025-07-21,Rodrigo Robledo,17:53
2025-07-22,Edwards Hernandez,16:15
2025-07-22,Franklin Monsalve,17:36
2025-07-22,Peter Fuentealba,15:56
2025-07-22,Ricardo Ahumada,18:36
2025-07-22,Rodrigo Robledo,15:09
2025-07-23,Edwards Hernandez,16:35
2025-07-23,Franklin Monsalve,18:14
2025-07-23,Ricardo Ahumada,18:16
2025-07-23,Rodrigo Robledo,17:28
2025-07-24,David Hidalgo,14:38
2025-07-24,Edwards Hernandez,16:22
2025-07-24,Franklin Monsalve,16:33
2025-07-24,Peter Fuentealba,18:24
2025-07-24,Ricardo Ahumada,17:53
2025-07-24,Rodrigo Robledo,13:21
2025-07-25,Edwards Hernandez,16:59
2025-07-25,Peter Fuentealba,16:19
2025-07-25,Ricardo Ahumada,17:20
2025-07-25,Rodrigo Robledo,15:21
2025-07-28,Alvaro Fazekas,09:07
2025-07-28,Cristopher Hidalgo,10:26
2025-07-28,Edwards Hernandez,17:50
2025-07-28,Franklin Monsalve,17:09
2025-07-28,Peter Fuentealba,17:07
2025-07-28,Ricardo Ahumada,16:58
2025-07-28,Rodrigo Robledo,14:52
2025-07-29,Edwards Hernandez,16:40
2025-07-29,Franklin Monsalve,16:20
2025-07-29,Peter Fuentealba,16:18
2025-07-29,Ricardo Ahumada,18:23
2025-07-29,Rodrigo Robledo,14:07
2025-07-30,Edwards Hernandez,17:03
2025-07-30,Franklin Monsalve,15:25
2025-07-30,Peter Fuentealba,17:05
2025-07-30,Ricardo Ahumada,17:42
2025-07-30,Rodrigo Robledo,15:11
2025-07-31,Cristopher Hidalgo,19:40
2025-07-31,Edwards Hernandez,17:10
2025-07-31,Franklin Monsalve,17:25
2025-07-31,Peter Fuentealba,16:57
2025-07-31,Ricardo Ahumada,17:10
2025-08-01,Cristopher Hidalgo,18:33
2025-08-01,Franklin Monsalve,13:35
2025-08-01,Jorge Gonzalez,17:34
2025-08-01,Rodrigo Robledo,12:54
2025-08-04,Cristopher Hidalgo,18:28
2025-08-04,Edwards Hernandez,17:29
2025-08-04,Franklin Monsalve,18:59
2025-08-04,Peter Fuentealba,16:01
2025-08-04,Ricardo Ahumada,17:10
2025-08-04,Rodrigo Robledo,17:29
2025-08-05,Edwards Hernandez,18:10
2025-08-05,Franklin Monsalve,16:01
2025-08-05,Jorge Gonzalez,16:59
2025-08-05,Peter Fuentealba,17:14
2025-08-05,Ricardo Ahumada,18:25
2025-08-05,Rodrigo Robledo,18:42
2025-08-06,Cristopher Hidalgo,16:02
2025-08-06,Edwards Hernandez,16:32
2025-08-06,Franklin Monsalve,16:39
2025-08-06,Jorge Gonzalez,14:24
2025-08-06,Peter Fuentealba,18:48
2025-08-06,Ricardo Ahumada,16:33
2025-08-06,Rodrigo Robledo,17:09
2025-08-07,Edwards Hernandez,15:48
2025-08-07,Franklin Monsalve,14:00
2025-08-07,Peter Fuentealba,16:56
2025-08-07,Ricardo Ahumada,17:42
2025-08-07,Rodrigo Robledo,17:40
2025-08-08,Edwards Hernandez,16:50
2025-08-08,Franklin Monsalve,14:23
2025-08-08,Jorge Gonzalez,14:25
2025-08-08,Peter Fuentealba,14:58
2025-08-08,Ricardo Ahumada,17:25
2025-08-08,Rodrigo Robledo,12:40
2025-08-11,Edwards Hernandez,15:25
2025-08-11,Jorge Gonzalez,16:41
2025-08-11,Peter Fuentealba,17:27
2025-08-11,Rodrigo Robledo,17:08
2025-08-12,Edwards Hernandez,16:46
2025-08-12,Franklin Monsalve,16:40
2025-08-12,Peter Fuentealba,16:04
2025-08-12,Ricardo Ahumada,17:24
2025-08-12,Rodrigo Robledo,16:42
2025-08-13,Edwards Hernandez,15:05
2025-08-13,Jorge Gonzalez,14:42
2025-08-13,Peter Fuentealba,16:16
2025-08-13,Ricardo Ahumada,18:22
2025-08-13,Rodrigo Robledo,17:16
2025-08-14,Edwards Hernandez,15:55
2025-08-14,Franklin Monsalve,15:48
2025-08-14,Peter Fuentealba,17:03
2025-08-14,Ricardo Ahumada,16:50
2025-08-14,Rodrigo Robledo,15:44
2025-08-18,Edwards Hernandez,17:00
2025-08-18,Franklin Monsalve,15:58
2025-08-18,Peter Fuentealba,16:17
2025-08-18,Ricardo Ahumada,17:27
2025-08-18,Rodrigo Robledo,16:00
2025-08-19,Edwards Hernandez,18:14
2025-08-19,Franklin Monsalve,17:53
2025-08-19,Peter Fuentealba,15:27
2025-08-19,Ricardo Ahumada,17:38
2025-08-19,Rodrigo Robledo,14:38
2025-08-20,Edwards Hernandez,17:50
2025-08-20,Franklin Monsalve,13:57
2025-08-20,Peter Fuentealba,17:01
2025-08-20,Ricardo Ahumada,17:32
2025-08-20,Rodrigo Robledo,13:21
2025-08-21,Edwards Hernandez,14:59
2025-08-21,Franklin Monsalve,13:55
2025-08-21,Peter Fuentealba,15:28
2025-08-21,Ricardo Ahumada,17:04
2025-08-21,Rodrigo Robledo,14:09
2025-08-22,Edwards Hernandez,15:04
2025-08-22,Franklin Monsalve,16:44
2025-08-22,Peter Fuentealba,14:51
2025-08-22,Ricardo Ahumada,17:20
2025-08-22,Rodrigo Robledo,11:39
2025-08-25,David Hidalgo,11:26
2025-08-25,Edwards Hernandez,16:15
2025-08-25,Peter Fuentealba,17:50
2025-08-25,Ricardo Ahumada,15:16
2025-08-25,Rodrigo Robledo,15:59
2025-08-26,Edwards Hernandez,15:39
2025-08-26,Peter Fuentealba,15:04
2025-08-26,Ricardo Ahumada,16:50
2025-08-26,Rodrigo Robledo,14:28
2025-08-27,Edwards Hernandez,15:31
2025-08-27,Franklin Monsalve,14:52
2025-08-27,Peter Fuentealba,16:56
2025-08-27,Ricardo Ahumada,16:48
2025-08-27,Rodrigo Robledo,15:12
2025-08-28,Edwards Hernandez,16:40
2025-08-28,Franklin Monsalve,16:36
2025-08-28,Jorge Gonzalez,17:37
2025-08-28,Peter Fuentealba,18:32
2025-08-28,Ricardo Ahumada,17:16
2025-08-28,Rodrigo Robledo,16:17
2025-08-29,Edwards Hernandez,17:49
2025-08-29,Franklin Monsalve,15:46
2025-08-29,Peter Fuentealba,15:43
2025-08-29,Ricardo Ahumada,17:14
2025-09-01,Cristopher Hidalgo,16:09
2025-09-01,David Hidalgo,12:30
2025-09-01,Edwards Hernandez,17:13
2025-09-01,Peter Fuentealba,15:48
2025-09-01,Ricardo Ahumada,17:01
2025-09-01,Rodrigo Robledo,15:29
2025-09-02,David Hidalgo,17:48
2025-09-02,Edwards Hernandez,17:11
2025-09-02,Franklin Monsalve,17:38
2025-09-02,Jorge Gonzalez,15:53
2025-09-02,Peter Fuentealba,17:23
2025-09-02,Ricardo Ahumada,18:20
2025-09-02,Rodrigo Robledo,16:12
2025-09-03,Edwards Hernandez,17:06
2025-09-03,Franklin Monsalve,14:07
2025-09-03,Jorge Gonzalez,13:49
2025-09-03,Peter Fuentealba,18:47
2025-09-03,Ricardo Ahumada,17:57
2025-09-03,Rodrigo Robledo,17:20
2025-09-04,Edwards Hernandez,15:49
2025-09-04,Jorge Gonzalez,12:56
2025-09-04,Peter Fuentealba,18:04
2025-09-04,Ricardo Ahumada,17:12
2025-09-04,Rodrigo Robledo,16:57
2025-09-05,Edwards Hernandez,18:13
2025-09-05,Jorge Gonzalez,11:27
2025-09-05,Peter Fuentealba,16:36
2025-09-05,Ricardo Ahumada,12:28
2025-09-05,Rodrigo Robledo,14:31
2025-09-08,Edwards Hernandez,17:22
2025-09-08,Franklin Monsalve,11:09
2025-09-08,Peter Fuentealba,17:36
2025-09-08,Ricardo Ahumada,18:22
2025-09-08,Rodrigo Robledo,17:40
2025-09-09,Edwards Hernandez,17:12
2025-09-09,Jorge Gonzalez,17:49
2025-09-09,Peter Fuentealba,16:42
2025-09-09,Ricardo Ahumada,18:17
2025-09-10,Cristopher Hidalgo,12:58
2025-09-10,Edwards Hernandez,17:36
2025-09-10,Jorge Gonzalez,15:38
2025-09-10,Peter Fuentealba,18:26
2025-09-10,Ricardo Ahumada,15:56
2025-09-10,Rodrigo Robledo,18:41
2025-09-11,David Hidalgo,17:32
2025-09-11,Edwards Hernandez,16:20
2025-09-11,Jorge Gonzalez,15:43
2025-09-11,Peter Fuentealba,17:18
2025-09-11,Ricardo Ahumada,15:46
2025-09-11,Rodrigo Robledo,17:39
2025-09-12,Edwards Hernandez,16:55
2025-09-12,Peter Fuentealba,17:28
2025-09-12,Ricardo Ahumada,17:19
2025-09-12,Rodrigo Robledo,16:21
2025-09-15,Edwards Hernandez,17:29
2025-09-15,Jorge Gonzalez,16:14
2025-09-15,Peter Fuentealba,17:46
2025-09-15,Ricardo Ahumada,17:38
2025-09-15,Rodrigo Robledo,15:59
2025-09-16,Cristopher Hidalgo,15:55
2025-09-16,Edwards Hernandez,17:20
2025-09-16,Jorge Gonzalez,17:35
2025-09-16,Peter Fuentealba,17:59
2025-09-16,Ricardo Ahumada,17:03
2025-09-16,Rodrigo Robledo,17:07
2025-09-17,Edwards Hernandez,14:03
2025-09-17,Peter Fuentealba,13:51
2025-09-17,Ricardo Ahumada,14:12
2025-09-22,Edwards Hernandez,15:12
2025-09-22,Peter Fuentealba,18:31
2025-09-22,Ricardo Ahumada,16:33
2025-09-22,Rodrigo Robledo,14:34
2025-09-23,Edwards Hernandez,16:31
2025-09-23,Peter Fuentealba,17:02
2025-09-23,Ricardo Ahumada,16:36
2025-09-23,Rodrigo Robledo,16:02
2025-09-24,Edwards Hernandez,17:10
2025-09-24,Jorge Gonzalez,13:24
2025-09-24,Peter Fuentealba,18:33
2025-09-24,Ricardo Ahumada,17:51
2025-09-24,Rodrigo Robledo,13:57
2025-09-25,Cristopher Hidalgo,18:00
2025-09-25,Edwards Hernandez,17:28
2025-09-25,Jorge Gonzalez,12:21
2025-09-25,Peter Fuentealba,16:59
2025-09-25,Ricardo Ahumada,17:40
2025-09-25,Rodrigo Robledo,14:33
2025-09-26,Edwards Hernandez,16:11
2025-09-26,Jorge Gonzalez,14:46
2025-09-26,Peter Fuentealba,14:45
2025-09-26,Ricardo Ahumada,18:43
2025-09-26,Rodrigo Robledo,14:01
2025-09-29,Cristopher Hidalgo,14:31
2025-09-29,Edwards Hernandez,17:04
2025-09-29,Jorge Gonzalez,18:31
2025-09-29,Peter Fuentealba,16:23
2025-09-29,Ricardo Ahumada,17:20
2025-09-29,Rodrigo Robledo,17:28
2025-09-30,Edwards Hernandez,17:08
2025-09-30,Peter Fuentealba,17:38
2025-09-30,Ricardo Ahumada,17:38
2025-09-30,Rodrigo Robledo,17:07
2025-10-01,Edwards Hernandez,15:59
2025-10-01,Peter Fuentealba,16:42
2025-10-01,Ricardo Ahumada,18:07
2025-10-01,Rodrigo Robledo,17:35
2025-10-02,Edwards Hernandez,17:06
2025-10-02,Jorge Gonzalez,15:31
2025-10-02,Peter Fuentealba,22:17
2025-10-02,Ricardo Ahumada,16:53
2025-10-02,Rodrigo Robledo,18:20
2025-10-03,Cristopher Hidalgo,17:18
2025-10-03,Edwards Hernandez,17:43
2025-10-03,Peter Fuentealba,18:39
2025-10-03,Rodrigo Robledo,17:01
2025-10-06,Edwards Hernandez,16:33
2025-10-06,Peter Fuentealba,15:58
2025-10-06,Ricardo Ahumada,17:58
2025-10-07,Edwards Hernandez,15:46
2025-10-07,Jorge Gonzalez,16:06
2025-10-07,Peter Fuentealba,17:29
2025-10-07,Ricardo Ahumada,15:54
2025-10-07,Rodrigo Robledo,14:49
2025-10-08,Edwards Hernandez,16:45
2025-10-08,Jorge Gonzalez,11:33
2025-10-08,Peter Fuentealba,18:18
2025-10-08,Ricardo Ahumada,16:25
2025-10-08,Rodrigo Robledo,14:22
2025-10-09,Edwards Hernandez,18:25
2025-10-09,Peter Fuentealba,17:47
2025-10-09,Ricardo Ahumada,17:34
2025-10-10,Cristopher Hidalgo,17:02
2025-10-10,Edwards Hernandez,17:28
2025-10-10,Peter Fuentealba,16:29
2025-10-10,Ricardo Ahumada,17:10
2025-10-13,Edwards Hernandez,17:14
2025-10-13,Peter Fuentealba,17:16
2025-10-13,Ricardo Ahumada,16:04
2025-10-13,Rodrigo Robledo,17:20
2025-10-14,Cristopher Hidalgo,11:54
2025-10-14,Edwards Hernandez,16:30
2025-10-14,Peter Fuentealba,18:28
2025-10-14,Ricardo Ahumada,17:10
2025-10-15,Edwards Hernandez,16:46
2025-10-15,Jorge Gonzalez,13:42
2025-10-15,Peter Fuentealba,18:07
2025-10-15,Ricardo Ahumada,13:42
2025-10-15,Rodrigo Robledo,17:10
2025-10-16,Edwards Hernandez,17:29
2025-10-16,Jorge Gonzalez,15:22
2025-10-16,Peter Fuentealba,18:35
2025-10-16,Ricardo Ahumada,17:43
2025-10-16,Rodrigo Robledo,19:02
2025-10-17,Edwards Hernandez,16:39
2025-10-17,Peter Fuentealba,15:31
2025-10-17,Ricardo Ahumada,17:24
2025-10-17,Rodrigo Robledo,17:28
2025-10-20,Edwards Hernandez,16:31
2025-10-20,Jorge Gonzalez,11:20
2025-10-20,Peter Fuentealba,17:29
2025-10-20,Ricardo Ahumada,16:51
2025-10-20,Rodrigo Robledo,21:05
2025-10-21,Edwards Hernandez,17:48
2025-10-21,Jorge Gonzalez,14:08
2025-10-21,Peter Fuentealba,17:04
2025-10-21,Ricardo Ahumada,16:50
2025-10-21,Rodrigo Robledo,17:17
2025-10-22,Edwards Hernandez,16:37
2025-10-22,Peter Fuentealba,17:33
2025-10-22,Ricardo Ahumada,17:31
2025-10-22,Rodrigo Robledo,15:48
2025-10-23,Edwards Hernandez,15:05
2025-10-23,Peter Fuentealba,18:14
2025-10-23,Ricardo Ahumada,17:51
2025-10-23,Rodrigo Robledo,18:44
2025-10-24,Cristopher Hidalgo,19:03
2025-10-24,David Hidalgo,14:40
2025-10-24,Edwards Hernandez,17:05
2025-10-24,Peter Fuentealba,17:04
2025-10-24,Ricardo Ahumada,16:31
2025-10-27,Edwards Hernandez,15:37
2025-10-27,Leonardo Betancourt,17:51
2025-10-27,Peter Fuentealba,16:44
2025-10-27,Rodrigo Robledo,17:51
2025-10-28,Edwards Hernandez,17:17
2025-10-28,Jorge Gonzalez,17:32
2025-10-28,Leonardo Betancourt,17:42
2025-10-28,Peter Fuentealba,16:01
2025-10-28,Ricardo Ahumada,16:47
2025-10-28,Rodrigo Robledo,16:55
2025-10-29,Edwards Hernandez,15:24
2025-10-29,Leonardo Betancourt,15:33
2025-10-29,Peter Fuentealba,17:22
2025-10-29,Ricardo Ahumada,17:30
2025-10-29,Rodrigo Robledo,14:59
2025-10-30,Edwards Hernandez,17:31
2025-10-30,Leonardo Betancourt,17:47
2025-10-30,Peter Fuentealba,17:51
2025-10-30,Ricardo Ahumada,16:55
2025-10-30,Rodrigo Robledo,16:26
2025-11-03,Edwards Hernandez,17:39
2025-11-03,Leonardo Betancourt,15:35
2025-11-03,Peter Fuentealba,17:39
2025-11-03,Ricardo Ahumada,17:15
2025-11-04,Edwards Hernandez,15:41
2025-11-04,Leonardo Betancourt,17:58
2025-11-04,Peter Fuentealba,16:18
2025-11-04,Ricardo Ahumada,16:38
2025-11-04,Rodrigo Robledo,15:02
2025-11-05,Edwards Hernandez,17:06
2025-11-05,Jorge Gonzalez,17:16
2025-11-05,Leonardo Betancourt,18:51
2025-11-05,Peter Fuentealba,17:25
2025-11-05,Rodrigo Robledo,15:16
2025-11-06,Edwards Hernandez,19:09
2025-11-06,Leonardo Betancourt,17:08
2025-11-06,Peter Fuentealba,18:46
2025-11-06,Rodrigo Robledo,15:27
2025-11-07,Cristopher Hidalgo,13:45
2025-11-07,Edwards Hernandez,15:04
2025-11-07,Leonardo Betancourt,16:50
2025-11-07,Peter Fuentealba,17:59
2025-11-07,Ricardo Ahumada,14:56
2025-11-07,Rodrigo Robledo,14:48
2025-11-10,Cristopher Hidalgo,16:35
2025-11-10,Edwards Hernandez,17:05
2025-11-10,Leonardo Betancourt,18:38
2025-11-10,Peter Fuentealba,16:51
2025-11-10,Ricardo Ahumada,16:39
2025-11-11,Jorge Gonzalez,15:26
2025-11-11,Leonardo Betancourt,18:10
2025-11-11,Peter Fuentealba,17:56
2025-11-11,Ricardo Ahumada,17:30
2025-11-11,Rodrigo Robledo,17:27
2025-11-12,Edwards Hernandez,16:35
2025-11-12,Jorge Gonzalez,12:19
2025-11-12,Leonardo Betancourt,16:33
2025-11-12,Peter Fuentealba,17:08
2025-11-12,Ricardo Ahumada,15:41
2025-11-12,Rodrigo Robledo,16:59
2025-11-13,Edwards Hernandez,13:06
2025-11-13,Jorge Gonzalez,15:35
2025-11-13,Leonardo Betancourt,16:49
2025-11-13,Peter Fuentealba,16:31
2025-11-13,Ricardo Ahumada,16:56
2025-11-13,Rodrigo Robledo,13:21
2025-11-14,Edwards Hernandez,15:51
2025-11-14,Jorge Gonzalez,15:58
2025-11-14,Leonardo Betancourt,16:37
2025-11-14,Peter Fuentealba,16:13
2025-11-14,Ricardo Ahumada,14:13
2025-11-17,Edwards Hernandez,17:20
2025-11-17,Leonardo Betancourt,15:16
2025-11-17,Peter Fuentealba,14:46
2025-11-17,Ricardo Ahumada,17:25
2025-11-17,Rodrigo Robledo,13:48
2025-11-18,Edwards Hernandez,15:14
2025-11-18,Leonardo Betancourt,17:46
2025-11-18,Peter Fuentealba,17:28
2025-11-18,Ricardo Ahumada,16:15
2025-11-18,Rodrigo Robledo,15:16
2025-11-19,Edwards Hernandez,16:26
2025-11-19,Leonardo Betancourt,14:14
2025-11-19,Peter Fuentealba,16:30
2025-11-19,Ricardo Ahumada,17:43
2025-11-19,Rodrigo Robledo,16:06
2025-11-20,Edwards Hernandez,16:19
2025-11-20,Leonardo Betancourt,18:05
2025-11-20,Peter Fuentealba,17:17
2025-11-20,Ricardo Ahumada,18:13
2025-11-20,Rodrigo Robledo,14:46
2025-11-21,Edwards Hernandez,16:27
2025-11-21,Leonardo Betancourt,16:36
2025-11-21,Peter Fuentealba,16:52
2025-11-21,Ricardo Ahumada,17:26
2025-11-21,Rodrigo Robledo,16:17
2025-11-24,David Hidalgo,18:45
2025-11-24,Edwards Hernandez,16:27
2025-11-24,Jorge Gonzalez,12:46
2025-11-24,Peter Fuentealba,16:46
2025-11-24,Ricardo Ahumada,17:06
2025-11-24,Rodrigo Robledo,14:43
2025-11-25,David Hidalgo,16:40
2025-11-25,Edwards Hernandez,15:21
2025-11-25,Peter Fuentealba,17:19
2025-11-25,Ricardo Ahumada,17:39
2025-11-25,Rodrigo Robledo,18:06
2025-11-26,Cristopher Hidalgo,16:58
2025-11-26,Edwards Hernandez,16:31
2025-11-26,Peter Fuentealba,17:27
2025-11-26,Ricardo Ahumada,18:00
2025-11-26,Rodrigo Robledo,16:44
2025-11-27,Edwards Hernandez,15:11
2025-11-27,Peter Fuentealba,17:14
2025-11-27,Ricardo Ahumada,17:52
2025-11-27,Rodrigo Robledo,16:59
2025-11-28,Edwards Hernandez,16:31
2025-11-28,Peter Fuentealba,16:58
2025-11-28,Ricardo Ahumada,10:45
2025-11-28,Rodrigo Robledo,15:34
2025-12-01,David Hidalgo,14:04
2025-12-01,Edwards Hernandez,17:38
2025-12-01,Jorge Gonzalez,18:04
2025-12-01,Peter Fuentealba,17:32
2025-12-01,Rodrigo Robledo,15:51
2025-12-02,Alvaro Fazekas,11:14
2025-12-02,Edwards Hernandez,18:41
2025-12-02,Peter Fuentealba,18:41
2025-12-02,Ricardo Ahumada,17:58
2025-12-02,Rodrigo Robledo,16:42
2025-12-03,Edwards Hernandez,19:35
2025-12-03,Peter Fuentealba,17:58
2025-12-03,Ricardo Ahumada,18:04
2025-12-03,Rodrigo Robledo,16:09
2025-12-04,Edwards Hernandez,15:53
2025-12-04,Jorge Gonzalez,16:56
2025-12-04,Peter Fuentealba,18:17
2025-12-04,Ricardo Ahumada,17:39
2025-12-04,Rodrigo Robledo,17:15
2025-12-05,Cristopher Hidalgo,12:54
2025-12-05,David Hidalgo,15:30
2025-12-05,Jorge Gonzalez,16:26
2025-12-05,Peter Fuentealba,17:18
2025-12-05,Ricardo Ahumada,16:50
2025-12-05,Rodrigo Robledo,15:51
2025-12-09,Alvaro Fazekas,09:48
2025-12-09,Edwards Hernandez,15:37
2025-12-09,Jorge Gonzalez,15:35
2025-12-09,Peter Fuentealba,17:00
2025-12-09,Ricardo Ahumada,18:24
2025-12-10,Cristopher Hidalgo,18:48
2025-12-10,David Hidalgo,14:21
2025-12-10,Edwards Hernandez,19:25
2025-12-10,Jorge Gonzalez,13:46
2025-12-10,Peter Fuentealba,17:09
2025-12-10,Ricardo Ahumada,19:46
2025-12-10,Rodrigo Robledo,18:51
2025-12-11,Cristopher Hidalgo,17:30
2025-12-11,Peter Fuentealba,18:47
2025-12-11,Ricardo Ahumada,19:04
2025-12-11,Rodrigo Robledo,17:37
2025-12-11,Ruben H,16:38
2025-12-12,Cristopher Hidalgo,14:56
2025-12-12,David Hidalgo,16:55
2025-12-12,Edwards Hernandez,16:08
2025-12-12,Jorge Gonzalez,15:37
2025-12-12,Peter Fuentealba,19:16
2025-12-12,Ricardo Ahumada,18:44
2025-12-12,Ruben H,16:50
2025-12-15,Edwards Hernandez,17:05
2025-12-15,Peter Fuentealba,17:59
2025-12-15,Ricardo Ahumada,17:13
2025-12-15,Rodrigo Robledo,16:49
2025-12-16,Edwards Hernandez,16:02
2025-12-16,Jorge Gonzalez,15:23
2025-12-16,Peter Fuentealba,18:03
2025-12-16,Ricardo Ahumada,17:35
2025-12-16,Rodrigo Robledo,14:26
2025-12-17,Edwards Hernandez,17:18
2025-12-17,Jorge Gonzalez,15:18
2025-12-17,Peter Fuentealba,18:30
2025-12-17,Ricardo Ahumada,17:45
2025-12-17,Rodrigo Robledo,17:15
2025-12-17,Ruben H,18:43
2025-12-18,Edwards Hernandez,17:50
2025-12-18,Jorge Alvarado,16:25
2025-12-18,Jorge Gonzalez,14:22
2025-12-18,Peter Fuentealba,17:24
2025-12-18,Ricardo Ahumada,19:42
2025-12-18,Rodrigo Robledo,16:59
2025-12-19,Edwards Hernandez,16:54
2025-12-19,Jorge Alvarado,17:31
2025-12-19,Jorge Gonzalez,14:26
2025-12-19,Peter Fuentealba,17:22
2025-12-19,Ricardo Ahumada,16:58
2025-12-19,Rodrigo Robledo,17:05
2025-12-22,Cristopher Hidalgo,19:07
2025-12-22,Edwards Hernandez,17:27
2025-12-22,Jorge Alvarado,17:59
2025-12-22,Peter Fuentealba,18:25
2025-12-22,Ricardo Ahumada,17:07
2025-12-22,Rodrigo Robledo,17:40
2025-12-23,Cristopher Hidalgo,18:41
2025-12-23,David Hidalgo,15:47
2025-12-23,Edwards Hernandez,17:43
2025-12-23,Jorge Alvarado,17:41
2025-12-23,Jorge Gonzalez,13:22
2025-12-23,Peter Fuentealba,17:10
2025-12-23,Ricardo Ahumada,17:26
2025-12-23,Ruben H,15:21
2025-12-24,Edwards Hernandez,14:10
2025-12-24,Jorge Alvarado,14:25
2025-12-24,Peter Fuentealba,15:20
2025-12-24,Ricardo Ahumada,13:15
2025-12-24,Rodrigo Robledo,15:32
2025-12-26,Edwards Hernandez,15:36
2025-12-26,Jorge Alvarado,17:04
2025-12-26,Peter Fuentealba,15:32
2025-12-26,Rodrigo Robledo,15:37
2025-12-29,Edwards Hernandez,16:03
2025-12-29,Jorge Alvarado,14:33
2025-12-29,Peter Fuentealba,16:17
2025-12-29,Ricardo Ahumada,17:23
2025-12-29,Rodrigo Robledo,11:57
2025-12-30,Edwards Hernandez,17:33
2025-12-30,Jorge Alvarado,17:00
2025-12-30,Peter Fuentealba,18:52
2025-12-30,Rodrigo Robledo,14:06
2025-12-31,Edwards Hernandez,13:49
2025-12-31,Jorge Alvarado,15:32
2025-12-31,Peter Fuentealba,13:03
2025-12-31,Rodrigo Robledo,10:16
2026-01-02,Edwards Hernandez,14:34
2026-01-02,Jorge Alvarado,12:09
2026-01-02,Peter Fuentealba,15:07
2026-01-05,Edwards Hernandez,14:37
2026-01-05,Jorge Alvarado,17:45
2026-01-05,Peter Fuentealba,15:48
2026-01-05,Ricardo Ahumada,12:13
2026-01-05,Rodrigo Robledo,14:14
2026-01-06,Cristopher Hidalgo,17:56
2026-01-06,Edwards Hernandez,18:41
2026-01-06,Jorge Alvarado,17:24
2026-01-06,Peter Fuentealba,14:28
2026-01-06,Ricardo Ahumada,17:22
2026-01-06,Rodrigo Robledo,13:23
2026-01-07,Edwards Hernandez,16:46
2026-01-07,Jorge Alvarado,17:50
2026-01-07,Peter Fuentealba,15:25
2026-01-07,Ricardo Ahumada,16:22
2026-01-07,Rodrigo Robledo,17:22
2026-01-07,Ruben H,18:05
2026-01-08,Edwards Hernandez,15:44
2026-01-08,Jorge Alvarado,17:11
2026-01-08,Peter Fuentealba,16:22
2026-01-08,Ricardo Ahumada,17:46
2026-01-08,Rodrigo Robledo,14:32
2026-01-09,David Hidalgo,12:14
2026-01-09,Jorge Alvarado,17:01
2026-01-09,Peter Fuentealba,17:24
2026-01-09,Ricardo Ahumada,16:47
2026-01-09,Rodrigo Robledo,14:36
2026-01-12,Jorge Alvarado,18:08
2026-01-12,Jorge Gonzalez,18:18
2026-01-12,Peter Fuentealba,17:52
2026-01-12,Ricardo Ahumada,17:15
2026-01-12,Rodrigo Robledo,16:25
2026-01-13,Jorge Alvarado,17:20
2026-01-13,Peter Fuentealba,17:58
2026-01-13,Ricardo Ahumada,17:19
2026-01-13,Rodrigo Robledo,16:09
2026-01-13,Ruben H,14:03
2026-01-14,Jorge Gonzalez,14:55
2026-01-14,Peter Fuentealba,17:14
2026-01-14,Ricardo Ahumada,17:32
2026-01-14,Rodrigo Robledo,16:12
2026-01-14,Ruben H,15:05
2026-01-15,Cristopher Hidalgo,16:31
2026-01-15,Jorge Alvarado,17:16
2026-01-15,Peter Fuentealba,17:15
2026-01-15,Ricardo Ahumada,16:30
2026-01-15,Rodrigo Robledo,16:45
2026-01-16,Peter Fuentealba,16:34
2026-01-16,Ricardo Ahumada,16:50
2026-01-16,Rodrigo Robledo,16:17
2026-01-19,Peter Fuentealba,16:06
2026-01-19,Ricardo Ahumada,16:53
2026-01-19,Rodrigo Robledo,15:16
2026-01-20,Jorge Alvarado,15:04
2026-01-20,Peter Fuentealba,17:02
2026-01-20,Ricardo Ahumada,16:32
2026-01-20,Rodrigo Robledo,15:24
2026-01-21,Jorge Alvarado,17:51
2026-01-21,Peter Fuentealba,16:53
2026-01-21,Ricardo Ahumada,17:02
2026-01-21,Rodrigo Robledo,15:28
2026-01-22,Jorge Alvarado,17:35
2026-01-22,Peter Fuentealba,17:06
2026-01-22,Ricardo Ahumada,16:58
2026-01-22,Rodrigo Robledo,16:45
2026-01-23,Jorge Alvarado,17:17
2026-01-23,Peter Fuentealba,17:05
2026-01-23,Ricardo Ahumada,15:16
2026-01-23,Rodrigo Robledo,14:01
2026-01-26,Jorge Alvarado,17:09
2026-01-26,Peter Fuentealba,18:03
2026-01-26,Rodrigo Robledo,15:39
2026-01-27,Jorge Alvarado,17:29
2026-01-27,Peter Fuentealba,17:02
2026-01-27,Ricardo Ahumada,16:08
2026-01-27,Rodrigo Robledo,15:55
2026-01-28,Jorge Alvarado,16:25
2026-01-28,Jorge Gonzalez,12:35
2026-01-28,Peter Fuentealba,17:11
2026-01-28,Ricardo Ahumada,17:35
2026-01-28,Rodrigo Robledo,17:14
2026-01-29,Jorge Alvarado,18:31
2026-01-29,Peter Fuentealba,17:14
2026-01-29,Ricardo Ahumada,16:46
2026-01-29,Rodrigo Robledo,15:40
2026-01-30,Cristopher Hidalgo,16:55
2026-01-30,Edwards Hernandez,16:32
2026-01-30,Jorge Alvarado,18:38
2026-01-30,Jorge Gonzalez,15:31
2026-01-30,Peter Fuentealba,16:56
2026-02-02,Edwards Hernandez,15:31
2026-02-02,Jorge Alvarado,17:08
2026-02-02,Peter Fuentealba,18:15
2026-02-02,Rodrigo Robledo,16:24
2026-02-02,Ruben H,14:38
2026-02-03,Edwards Hernandez,17:33
2026-02-03,Jorge Alvarado,15:02
2026-02-03,Peter Fuentealba,16:34
2026-02-03,Ricardo Ahumada,18:00
2026-02-03,Rodrigo Robledo,15:17
2026-02-03,Ruben H,14:45
2026-02-04,Edwards Hernandez,16:25
2026-02-04,Jorge Alvarado,15:04
2026-02-04,Peter Fuentealba,17:03
2026-02-04,Ricardo Ahumada,17:24
2026-02-04,Rodrigo Robledo,18:08
2026-02-05,Edwards Hernandez,17:00
2026-02-05,Jorge Alvarado,14:16
2026-02-05,Peter Fuentealba,17:03
2026-02-05,Ricardo Ahumada,16:47
2026-02-05,Rodrigo Robledo,14:58
2026-02-05,Ruben H,11:34
2026-02-06,Edwards Hernandez,21:49
2026-02-06,Jorge Alvarado,16:52
2026-02-06,Peter Fuentealba,15:05
2026-02-06,Ricardo Ahumada,16:26
2026-02-09,Edwards Hernandez,16:01
2026-02-09,Peter Fuentealba,16:32
2026-02-09,Ricardo Ahumada,17:06
2026-02-09,Rodrigo Robledo,16:12
2026-02-10,Cristopher Hidalgo,15:14
2026-02-10,Edwards Hernandez,15:50
2026-02-10,Peter Fuentealba,16:07
2026-02-10,Ricardo Ahumada,17:24
2026-02-10,Rodrigo Robledo,16:36
2026-02-11,Edwards Hernandez,16:42
2026-02-11,Peter Fuentealba,16:03
2026-02-11,Ricardo Ahumada,17:22
2026-02-11,Rodrigo Robledo,16:41
2026-02-12,Edwards Hernandez,16:46
2026-02-12,Peter Fuentealba,17:45
2026-02-12,Ricardo Ahumada,16:55
2026-02-12,Rodrigo Robledo,17:48
2026-02-13,Edwards Hernandez,15:42
2026-02-13,Peter Fuentealba,14:52
2026-02-13,Ricardo Ahumada,17:12
2026-02-13,Rodrigo Robledo,15:34
2026-02-16,Edwards Hernandez,16:44
2026-02-16,Peter Fuentealba,17:49
2026-02-16,Ricardo Ahumada,17:56
2026-02-16,Rodrigo Robledo,15:48
2026-02-17,Edwards Hernandez,16:01
2026-02-17,Peter Fuentealba,16:44
2026-02-17,Ricardo Ahumada,17:47
2026-02-17,Rodrigo Robledo,15:46
2026-02-18,Edwards Hernandez,17:21
2026-02-18,Peter Fuentealba,15:34
2026-02-18,Ricardo Ahumada,18:22
2026-02-18,Rodrigo Robledo,17:50
2026-02-18,Ruben H,12:39
2026-02-19,Edwards Hernandez,17:02
2026-02-19,Peter Fuentealba,15:30
2026-02-19,Ricardo Ahumada,16:50
2026-02-19,Rodrigo Robledo,17:24
2026-02-20,Edwards Hernandez,16:43
2026-02-20,Peter Fuentealba,15:54
2026-02-20,Ricardo Ahumada,16:46
2026-02-20,Rodrigo Robledo,15:21
2026-02-23,Edwards Hernandez,16:15
2026-02-23,Peter Fuentealba,15:47
2026-02-23,Ricardo Ahumada,15:19
2026-02-23,Rodrigo Robledo,17:38
2026-02-23,Ruben H,13:17
2026-02-24,Edwards Hernandez,17:48
2026-02-24,Peter Fuentealba,17:28
2026-02-24,Ricardo Ahumada,17:02
2026-02-24,Rodrigo Robledo,13:54
2026-02-25,Edwards Hernandez,16:53
2026-02-25,Peter Fuentealba,15:39
2026-02-25,Ricardo Ahumada,18:02
2026-02-25,Rodrigo Robledo,16:23
2026-02-26,Edwards Hernandez,16:31
2026-02-26,Peter Fuentealba,16:43
2026-02-26,Ricardo Ahumada,18:06
2026-02-26,Rodrigo Robledo,17:28
2026-02-27,Cristopher Hidalgo,15:36
2026-02-27,David Hidalgo,12:07
2026-02-27,Edwards Hernandez,15:52
2026-02-27,Peter Fuentealba,18:07
2026-02-27,Ricardo Ahumada,20:10
2026-02-27,Rodrigo Robledo,17:23
2026-03-02,Cristopher Hidalgo,16:31
2026-03-02,Edwards Hernandez,15:52
2026-03-02,Jorge Alvarado,17:01
2026-03-02,Peter Fuentealba,16:42
2026-03-02,Rodrigo Robledo,15:13
2026-03-03,David Hidalgo,17:09
2026-03-03,Edwards Hernandez,16:43
2026-03-03,Jorge Alvarado,15:46
2026-03-03,Peter Fuentealba,17:24
2026-03-03,Ricardo Ahumada,16:50
2026-03-03,Rodrigo Robledo,12:51
2026-03-04,Edwards Hernandez,16:32
2026-03-04,Jorge Alvarado,14:15
2026-03-04,Peter Fuentealba,16:11
2026-03-04,Rodrigo Robledo,17:29
2026-03-05,Edwards Hernandez,17:32
2026-03-05,Jorge Alvarado,17:14
2026-03-05,Jorge Gonzalez,13:48
2026-03-05,Peter Fuentealba,17:41
2026-03-05,Ricardo Ahumada,16:17
2026-03-06,David Hidalgo,15:42
2026-03-06,Edwards Hernandez,14:26
2026-03-06,Jorge Alvarado,16:17
2026-03-06,Peter Fuentealba,17:41
2026-03-06,Ricardo Ahumada,17:14
2026-03-06,Rodrigo Robledo,15:09
2026-03-09,Edwards Hernandez,16:29
2026-03-09,Peter Fuentealba,17:14
2026-03-09,Ricardo Ahumada,17:25
2026-03-10,Edwards Hernandez,16:21
2026-03-10,Jorge Alvarado,16:10
2026-03-10,Peter Fuentealba,17:16
2026-03-10,Ricardo Ahumada,18:01
2026-03-10,Rodrigo Robledo,12:50
2026-03-11,David Hidalgo,14:45
2026-03-11,Edwards Hernandez,17:19
2026-03-11,Jorge Alvarado,16:18
2026-03-11,Peter Fuentealba,18:30
2026-03-11,Ricardo Ahumada,17:37
2026-03-11,Rodrigo Robledo,17:17
2026-03-12,Cristopher Hidalgo,09:46
2026-03-12,Edwards Hernandez,18:22
2026-03-12,Jorge Alvarado,18:10
2026-03-12,Jorge Gonzalez,14:03
2026-03-12,Peter Fuentealba,17:03
2026-03-12,Ricardo Ahumada,15:29
2026-03-12,Ruben H,12:58
2026-03-13,Edwards Hernandez,17:00
2026-03-13,Jorge Alvarado,16:30
2026-03-13,Peter Fuentealba,16:27
2026-03-13,Ricardo Ahumada,17:10
2026-03-16,Edwards Hernandez,16:43
2026-03-16,Jorge Alvarado,17:43
2026-03-16,Peter Fuentealba,17:35
2026-03-16,Ricardo Ahumada,17:10
2026-03-17,Edwards Hernandez,16:24
2026-03-17,Jorge Alvarado,15:32
2026-03-17,Peter Fuentealba,17:44
2026-03-17,Ricardo Ahumada,17:30
2026-03-17,Rodrigo Robledo,16:47
2026-03-17,Ruben H,12:16
2026-03-18,Edwards Hernandez,16:07
2026-03-18,Jorge Alvarado,17:21
2026-03-18,Peter Fuentealba,16:49
2026-03-18,Ricardo Ahumada,17:02
2026-03-19,Edwards Hernandez,16:54
2026-03-19,Jorge Alvarado,18:19
2026-03-19,Jorge Gonzalez,16:36
2026-03-19,Peter Fuentealba,16:23
2026-03-19,Ricardo Ahumada,17:41
2026-03-20,Edwards Hernandez,15:23
2026-03-20,Jorge Alvarado,17:48
2026-03-20,Peter Fuentealba,16:21
2026-03-20,Ricardo Ahumada,13:51
2026-03-23,Edwards Hernandez,16:06
2026-03-23,Jorge Alvarado,17:15
2026-03-23,Peter Fuentealba,18:26
2026-03-23,Ricardo Ahumada,15:56
2026-03-23,Rodrigo Robledo,16:08
2026-03-24,Edwards Hernandez,16:07
2026-03-24,Jorge Alvarado,15:35
2026-03-24,Peter Fuentealba,17:46
2026-03-24,Ricardo Ahumada,16:39
2026-03-24,Rodrigo Robledo,15:35
2026-03-25,Cristopher Hidalgo,17:38
2026-03-25,Edwards Hernandez,16:06
2026-03-25,Jorge Alvarado,14:45
2026-03-25,Jorge Gonzalez,13:49
2026-03-25,Peter Fuentealba,18:05
2026-03-25,Ricardo Ahumada,17:05
2026-03-25,Rodrigo Robledo,16:29
2026-03-26,David Hidalgo,09:18
2026-03-26,Edwards Hernandez,16:56
2026-03-26,Jorge Alvarado,17:02
2026-03-26,Peter Fuentealba,17:18
2026-03-26,Ricardo Ahumada,16:35
2026-03-26,Rodrigo Robledo,15:58
2026-03-27,Edwards Hernandez,17:00
2026-03-27,Jorge Alvarado,15:57
2026-03-27,Peter Fuentealba,15:28
2026-03-27,Ricardo Ahumada,16:55
2026-03-30,Edwards Hernandez,18:25
2026-03-30,Jorge Alvarado,15:13
2026-03-30,Peter Fuentealba,16:34
2026-03-30,Ricardo Ahumada,17:22
2026-03-30,Rodrigo Robledo,14:41
2026-03-31,Edwards Hernandez,16:17
2026-03-31,Jorge Alvarado,16:26
2026-03-31,Jorge Gonzalez,14:39
2026-03-31,Peter Fuentealba,17:35
2026-03-31,Ricardo Ahumada,16:02
2026-03-31,Rodrigo Robledo,15:03
2026-04-01,Edwards Hernandez,16:39
2026-04-01,Jorge Alvarado,16:14
2026-04-01,Peter Fuentealba,16:32
2026-04-01,Ricardo Ahumada,17:20
2026-04-01,Rodrigo Robledo,16:19
2026-04-02,Cristopher Hidalgo,15:05
2026-04-02,Edwards Hernandez,16:20
2026-04-02,Jorge Alvarado,16:38
2026-04-02,Peter Fuentealba,16:49
2026-04-02,Rodrigo Robledo,16:39
2026-04-06,Edwards Hernandez,13:24
2026-04-06,Jorge Alvarado,12:58
2026-04-06,Peter Fuentealba,17:01
2026-04-06,Ricardo Ahumada,16:35
2026-04-06,Rodrigo Robledo,15:38
2026-04-07,Jorge Alvarado,17:43
2026-04-07,Peter Fuentealba,20:41
2026-04-07,Ricardo Ahumada,09:35
2026-04-07,Rodrigo Robledo,16:31
2026-04-08,Edwards Hernandez,16:05
2026-04-08,Jorge Alvarado,18:23
2026-04-08,Jorge Gonzalez,12:37
2026-04-08,Peter Fuentealba,18:03
2026-04-08,Rodrigo Robledo,16:08
2026-04-09,Edwards Hernandez,16:00
2026-04-09,Jorge Alvarado,18:06
2026-04-09,Jorge Gonzalez,12:17
2026-04-09,Peter Fuentealba,17:12
2026-04-09,Rodrigo Robledo,17:34
2026-04-10,David Hidalgo,17:47
2026-04-10,Edwards Hernandez,16:34
2026-04-10,Jorge Alvarado,15:58
2026-04-10,Peter Fuentealba,17:00
2026-04-10,Rodrigo Robledo,15:33
2026-04-10,Ruben H,15:03
2026-04-13,David Hidalgo,17:18
2026-04-13,Edwards Hernandez,16:40
2026-04-13,Jorge Alvarado,17:16
2026-04-13,Jorge Gonzalez,14:58
2026-04-13,Peter Fuentealba,18:25
2026-04-13,Rodrigo Robledo,18:27
2026-04-13,Ruben H,13:13
2026-04-14,Edwards Hernandez,16:00
2026-04-14,Jorge Alvarado,17:02
2026-04-14,Jorge Gonzalez,13:02
2026-04-14,Peter Fuentealba,16:23
2026-04-14,Rodrigo Robledo,15:08
2026-04-15,Edwards Hernandez,16:26
2026-04-15,Jorge Alvarado,15:36
2026-04-15,Peter Fuentealba,17:20
2026-04-15,Rodrigo Robledo,15:44
2026-04-16,Edwards Hernandez,16:28
2026-04-16,Jorge Alvarado,17:40
2026-04-16,Jorge Gonzalez,14:13
2026-04-16,Peter Fuentealba,17:26
2026-04-16,Rodrigo Robledo,16:38
2026-04-17,Diego Cruz,16:29
2026-04-17,Edwards Hernandez,16:07
2026-04-17,Jorge Alvarado,16:39
2026-04-17,Peter Fuentealba,15:39
2026-04-17,Rodrigo Robledo,13:47
2026-04-20,Edwards Hernandez,15:05
2026-04-20,Jorge Alvarado,17:31
2026-04-20,Peter Fuentealba,17:53
2026-04-20,Rodrigo Robledo,14:47
2026-04-21,Cristopher Hidalgo,11:10
2026-04-21,David Hidalgo,14:02
2026-04-21,Edwards Hernandez,18:36
2026-04-21,Jorge Alvarado,18:16
2026-04-21,Peter Fuentealba,16:16
2026-04-21,Rodrigo Robledo,17:18
2026-04-22,David Hidalgo,12:13
2026-04-22,Edwards Hernandez,15:31
2026-04-22,Jorge Alvarado,17:27
2026-04-22,Peter Fuentealba,16:56
2026-04-22,Rodrigo Robledo,17:39
2026-04-23,Edwards Hernandez,16:47
2026-04-23,Jorge Alvarado,16:28
2026-04-23,Jorge Gonzalez,15:26
2026-04-23,Peter Fuentealba,17:45
2026-04-23,Rodrigo Robledo,15:38
2026-04-23,Ruben H,14:07
2026-04-24,Edwards Hernandez,15:52
2026-04-24,Jorge Alvarado,16:49
2026-04-24,Peter Fuentealba,17:41
2026-04-24,Rodrigo Robledo,15:48
2026-04-27,David Hidalgo,14:10
2026-04-27,Edwards Hernandez,16:28
2026-04-27,Jorge Alvarado,17:20
2026-04-27,Peter Fuentealba,16:32
2026-04-27,Rodrigo Robledo,14:30
2026-04-28,David Hidalgo,13:54
2026-04-28,Edwards Hernandez,16:59
2026-04-28,Jorge Alvarado,17:24
2026-04-28,Peter Fuentealba,18:10
2026-04-28,Rodrigo Robledo,13:44
2026-04-28,Ruben H,11:05
2026-04-29,Edwards Hernandez,16:52
2026-04-29,Jorge Alvarado,17:03
2026-04-29,Peter Fuentealba,17:43
2026-04-29,Rodrigo Robledo,14:51
2026-04-30,Cristopher Hidalgo,14:44
2026-04-30,Edwards Hernandez,16:28
2026-04-30,Jorge Alvarado,17:21
2026-04-30,Peter Fuentealba,16:11
2026-04-30,Rodrigo Robledo,15:52
2026-05-04,Edwards Hernandez,17:51
2026-05-04,Jorge Alvarado,17:45
2026-05-04,Jorge Gonzalez,17:16
2026-05-04,Peter Fuentealba,18:03
2026-05-05,David Hidalgo,14:05
2026-05-05,Edwards Hernandez,16:08
2026-05-05,Jorge Alvarado,16:17
2026-05-05,Peter Fuentealba,16:06
2026-05-05,Ricardo Ahumada,17:52
2026-05-06,Edwards Hernandez,15:56
2026-05-06,Jorge Alvarado,19:45
2026-05-06,Peter Fuentealba,16:34
2026-05-06,Ricardo Ahumada,16:35
2026-05-07,Edwards Hernandez,16:07
2026-05-07,Jorge Alvarado,16:08
2026-05-07,Peter Fuentealba,16:14
2026-05-07,Ricardo Ahumada,17:37
2026-05-08,Edwards Hernandez,17:38
2026-05-08,Jorge Alvarado,16:44
2026-05-08,Peter Fuentealba,15:29
2026-05-08,Ricardo Ahumada,15:58
2026-05-08,Ruben H,11:26
2026-05-11,Edwards Hernandez,15:45
2026-05-11,Jorge Alvarado,17:33
2026-05-11,Peter Fuentealba,15:53
2026-05-11,Ricardo Ahumada,16:46
2026-05-12,David Hidalgo,09:52
2026-05-12,Edwards Hernandez,16:57
2026-05-12,Jorge Alvarado,18:55
2026-05-12,Peter Fuentealba,17:33
2026-05-12,Ricardo Ahumada,17:20
2026-05-12,Rodrigo Robledo,14:31
2026-05-13,Cristopher Hidalgo,14:27
2026-05-13,Edwards Hernandez,17:25
2026-05-13,Jorge Alvarado,19:21
2026-05-13,Peter Fuentealba,17:05
2026-05-13,Ricardo Ahumada,16:28
2026-05-13,Rodrigo Robledo,14:54
2026-05-14,Edwards Hernandez,16:25
2026-05-14,Jorge Alvarado,17:16
2026-05-14,Jorge Gonzalez,16:48
2026-05-14,Peter Fuentealba,16:38
2026-05-14,Ricardo Ahumada,16:03
2026-05-14,Rodrigo Robledo,16:37
2026-05-14,Ruben H,12:01
2026-05-15,Edwards Hernandez,15:42
2026-05-15,Jorge Alvarado,15:00
2026-05-15,Peter Fuentealba,18:00
2026-05-15,Ricardo Ahumada,15:20
2026-05-15,Rodrigo Robledo,16:20
2026-05-18,Edwards Hernandez,16:22
2026-05-18,Jorge Alvarado,17:15
2026-05-18,Peter Fuentealba,17:09
2026-05-18,Ricardo Ahumada,14:19
2026-05-18,Rodrigo Robledo,15:34
2026-05-19,Edwards Hernandez,15:13
2026-05-19,Jorge Alvarado,16:38
2026-05-19,Peter Fuentealba,13:40
2026-05-19,Ricardo Ahumada,14:17
2026-05-19,Rodrigo Robledo,16:29
2026-05-20,Cristopher Hidalgo,12:32
2026-05-20,Edwards Hernandez,17:11
2026-05-20,Jorge Alvarado,17:38
2026-05-20,Jorge Gonzalez,14:59
2026-05-20,Peter Fuentealba,17:41
2026-05-20,Ricardo Ahumada,17:28
2026-05-20,Rodrigo Robledo,15:44
2026-05-22,Edwards Hernandez,15:22
2026-05-22,Jorge Alvarado,16:53
2026-05-22,Peter Fuentealba,14:34
2026-05-22,Rodrigo Robledo,15:58
2026-05-25,David Hidalgo,17:00
2026-05-25,Edwards Hernandez,16:04
2026-05-25,Jorge Alvarado,15:30
2026-05-25,Peter Fuentealba,18:58
2026-05-25,Ricardo Ahumada,16:19
2026-05-25,Rodrigo Robledo,15:20
2026-05-26,Edwards Hernandez,16:19
2026-05-26,Jorge Alvarado,16:31
2026-05-26,Peter Fuentealba,16:48
2026-05-26,Ricardo Ahumada,17:08
2026-05-26,Rodrigo Robledo,15:01
2026-05-27,Edwards Hernandez,16:43
2026-05-27,Jorge Alvarado,17:46
2026-05-27,Peter Fuentealba,16:32
2026-05-27,Ricardo Ahumada,16:52
2026-05-27,Rodrigo Robledo,16:41
2026-05-27,Ruben H,16:41
2026-05-28,Edwards Hernandez,17:16
2026-05-28,Jorge Alvarado,17:19
2026-05-28,Peter Fuentealba,16:16
2026-05-28,Ricardo Ahumada,15:26
2026-05-28,Rodrigo Robledo,17:25
2026-05-29,Edwards Hernandez,15:44
2026-05-29,Jorge Alvarado,16:58
2026-05-29,Peter Fuentealba,14:27
2026-05-29,Ricardo Ahumada,15:00
2026-05-29,Rodrigo Robledo,15:52
2026-06-01,Edwards Hernandez,16:17
2026-06-01,Peter Fuentealba,18:54
2026-06-01,Ruben H,16:26
2026-06-02,Cristopher Hidalgo,16:58
2026-06-02,Edwards Hernandez,16:09
2026-06-02,Jorge Alvarado,18:49
2026-06-02,Peter Fuentealba,18:38
2026-06-02,Ricardo Ahumada,18:41
2026-06-03,Edwards Hernandez,16:51
2026-06-03,Jorge Alvarado,16:34
2026-06-03,Peter Fuentealba,15:51
2026-06-03,Ricardo Ahumada,16:04
2026-06-03,Rodrigo Robledo,15:59
2026-06-04,Edwards Hernandez,17:16
2026-06-04,Jorge Alvarado,15:22
2026-06-04,Peter Fuentealba,17:02
2026-06-04,Ricardo Ahumada,18:14
2026-06-04,Rodrigo Robledo,17:49
2026-06-05,Edwards Hernandez,15:10
2026-06-05,Jorge Alvarado,15:16
2026-06-05,Peter Fuentealba,14:40
2026-06-05,Ricardo Ahumada,12:09
2026-06-05,Rodrigo Robledo,14:55
2026-06-08,Edwards Hernandez,13:12
2026-06-08,Jorge Alvarado,16:12
2026-06-08,Peter Fuentealba,17:26
2026-06-08,Ricardo Ahumada,17:07
2026-06-08,Rodrigo Robledo,16:09
2026-06-09,Jorge Gonzalez,16:14
2026-06-09,Peter Fuentealba,17:41
2026-06-09,Rodrigo Robledo,17:38
2026-06-10,Cristopher Hidalgo,17:20
2026-06-10,David Hidalgo,11:16
2026-06-10,Edwards Hernandez,17:10
2026-06-10,Jorge Alvarado,13:32
2026-06-10,Peter Fuentealba,16:37
2026-06-10,Ricardo Ahumada,17:40
2026-06-10,Ruben H,17:07
2026-06-11,Edwards Hernandez,16:15
2026-06-11,Jorge Alvarado,16:23
2026-06-11,Peter Fuentealba,16:48
2026-06-11,Ricardo Ahumada,18:12
2026-06-11,Rodrigo Robledo,16:54
2026-06-12,Edwards Hernandez,15:50
2026-06-12,Jorge Alvarado,17:07
2026-06-12,Jorge Gonzalez,11:52
2026-06-12,Peter Fuentealba,15:51
2026-06-12,Ricardo Ahumada,17:07
2026-06-12,Rodrigo Robledo,14:34
2026-06-15,Edwards Hernandez,16:42
2026-06-15,Peter Fuentealba,17:02
2026-06-15,Ricardo Ahumada,18:53
2026-06-15,Rodrigo Robledo,14:55
2026-06-16,Edwards Hernandez,15:39
2026-06-16,Jorge Gonzalez,12:10
2026-06-16,Peter Fuentealba,16:48
2026-06-16,Ricardo Ahumada,17:52
2026-06-17,Edwards Hernandez,16:58
2026-06-17,Peter Fuentealba,17:59
2026-06-17,Ricardo Ahumada,17:53
2026-06-17,Rodrigo Robledo,16:54
2026-06-18,Edwards Hernandez,15:54
2026-06-18,Jean Pierre,11:00
2026-06-18,Jorge Gonzalez,15:24
2026-06-18,Peter Fuentealba,18:05
2026-06-18,Ricardo Ahumada,13:49
2026-06-18,Rodrigo Robledo,17:50
2026-06-19,Edwards Hernandez,17:34
2026-06-19,Peter Fuentealba,19:29
2026-06-19,Rodrigo Robledo,13:36
2026-06-19,Ruben H,15:44
2026-06-22,David Hidalgo,16:48
2026-06-22,Edwards Hernandez,15:17
2026-06-22,Jorge Gonzalez,13:34
2026-06-22,Peter Fuentealba,17:44
2026-06-22,Ruben H,14:33
2026-06-22,Simon Aexander,14:38
2026-06-23,Edwards Hernandez,17:56
2026-06-23,Peter Fuentealba,18:07
2026-06-23,Ricardo Ahumada,18:51
2026-06-23,Simon Aexander,16:59
2026-06-24,Edwards Hernandez,15:56
2026-06-24,Francisco Echaurren,15:48
2026-06-24,Nelson San martin,17:07
2026-06-24,Peter Fuentealba,16:29
2026-06-24,Ricardo Ahumada,15:21
2026-06-24,Simon Aexander,17:01
2026-06-25,Edwards Hernandez,16:32
2026-06-25,Francisco Echaurren,15:37
2026-06-25,Nelson San martin,14:27
2026-06-25,Peter Fuentealba,16:12
2026-06-25,Ricardo Ahumada,16:02
2026-06-25,Simon Aexander,18:49
2026-06-26,Cristopher Hidalgo,15:00
2026-06-26,Edwards Hernandez,15:37
2026-06-26,Francisco Echaurren,15:21
2026-06-26,Peter Fuentealba,16:34
2026-06-26,Simon Aexander,16:36
2026-06-30,Cristopher Hidalgo,18:37
2026-06-30,David Hidalgo,10:04
2026-06-30,Edwards Hernandez,16:01
2026-06-30,Francisco Echaurren,18:16
2026-06-30,Peter Fuentealba,16:39
2026-07-01,Cristopher Hidalgo,13:52
2026-07-01,David Hidalgo,14:36
2026-07-01,Edwards Hernandez,16:56
2026-07-01,Francisco Echaurren,17:02
2026-07-01,Peter Fuentealba,17:11
2026-07-01,Ricardo Ahumada,15:52
2026-07-01,Ruben H,13:02
2026-07-02,David Hidalgo,15:48
2026-07-02,Edwards Hernandez,15:58
2026-07-02,Francisco Echaurren,17:18
2026-07-02,Peter Fuentealba,18:05
2026-07-02,Ricardo Ahumada,13:14
2026-07-03,Edwards Hernandez,15:21
2026-07-03,Francisco Echaurren,15:55
2026-07-03,Peter Fuentealba,16:46
2026-07-03,Ricardo Ahumada,14:34
2026-07-03,Simon Aexander,15:49
2026-07-06,Edwards Hernandez,16:52
2026-07-06,Francisco Echaurren,15:23
2026-07-06,Peter Fuentealba,17:34
2026-07-06,Ricardo Ahumada,17:13
2026-07-06,Simon Aexander,17:25
2026-07-07,Cristopher Hidalgo,12:44
2026-07-07,Edwards Hernandez,16:47
2026-07-07,Francisco Echaurren,16:58
2026-07-07,Peter Fuentealba,16:30
2026-07-07,Ricardo Ahumada,17:32
2026-07-07,Simon Aexander,14:30
2026-07-08,Edwards Hernandez,16:55
2026-07-08,Francisco Echaurren,18:28
2026-07-08,Peter Fuentealba,17:12
2026-07-08,Ricardo Ahumada,17:40
2026-07-08,Simon Aexander,16:53
2026-07-09,Cristopher Hidalgo,17:04
2026-07-09,Edwards Hernandez,16:02
2026-07-09,Francisco Echaurren,17:11
2026-07-09,Peter Fuentealba,18:15
2026-07-09,Ricardo Ahumada,16:31
2026-07-09,Simon Aexander,16:00
2026-07-10,Cristopher Hidalgo,17:40
2026-07-10,Edwards Hernandez,15:37
2026-07-10,Francisco Echaurren,17:40
2026-07-10,Peter Fuentealba,17:46
2026-07-10,Ruben H,15:44
2026-07-10,Simon Aexander,15:36
2026-07-13,Edwards Hernandez,15:26
2026-07-13,Francisco Echaurren,14:13
2026-07-13,Peter Fuentealba,17:55
2026-07-13,Ricardo Ahumada,17:03
2026-07-13,Simon Aexander,17:16
2026-07-14,Cristopher Hidalgo,16:37
2026-07-14,Edwards Hernandez,16:44
2026-07-14,Peter Fuentealba,17:41
2026-07-14,Ricardo Ahumada,17:57
2026-07-14,Ruben H,17:18
2026-07-14,Simon Aexander,14:43
2026-07-15,Antonia Olivares,14:37
2026-07-15,David Hidalgo,15:08
2026-07-15,Edwards Hernandez,16:03
2026-07-15,Francisco Echaurren,18:06
2026-07-15,Peter Fuentealba,16:52
2026-07-15,Ricardo Ahumada,16:57
2026-07-15,Ruben H,15:39
2026-07-17,Edwards Hernandez,13:45
2026-07-17,Peter Fuentealba,13:48
2026-07-17,Ricardo Ahumada,15:15
2026-07-17,Ruben H,15:22
2026-07-20,Cristopher Hidalgo,14:28
2026-07-20,Edwards Hernandez,16:04
2026-07-20,Peter Fuentealba,16:48
2026-07-20,Ricardo Ahumada,17:06
2026-07-20,Ruben H,16:19
2026-07-21,Cristopher Hidalgo,17:35
2026-07-21,Edwards Hernandez,15:57
2026-07-21,Francisco Echaurren,09:48
2026-07-21,Peter Fuentealba,15:24
2026-07-21,Ricardo Ahumada,17:52
2026-07-21,Ruben H,18:36
2026-07-22,David Hidalgo,18:10
2026-07-22,Edwards Hernandez,16:51
2026-07-22,Fabian Henriquez,17:27
2026-07-22,Francisco Echaurren,16:44
2026-07-22,Peter Fuentealba,18:33
2026-07-22,Ricardo Ahumada,17:24
2026-07-23,Antonia Olivares,14:00
2026-07-23,Cristopher Hidalgo,12:00
2026-07-23,David Hidalgo,15:53
2026-07-23,Edwards Hernandez,13:45
2026-07-23,Francisco Echaurren,16:32
2026-07-23,Peter Fuentealba,15:14
2026-07-23,Ricardo Ahumada,16:34
2026-07-24,Francisco Echaurren,15:27
2026-07-24,Jorge Gonzalez,12:15
2026-07-24,Peter Fuentealba,16:36
2026-07-24,Ricardo Ahumada,16:49
2026-07-24,Ruben H,12:30
2026-07-27,Edwards Hernandez,16:16
2026-07-27,Francisco Echaurren,17:03
2026-07-27,Peter Fuentealba,17:13
2026-07-27,Ruben H,17:14
2026-07-28,Antonia Olivares,14:45
2026-07-28,Edwards Hernandez,17:31
2026-07-28,Francisco Echaurren,17:27
2026-07-28,Peter Fuentealba,16:47
2026-07-28,Ricardo Ahumada,17:05
2026-07-29,Edwards Hernandez,14:33
2026-07-29,Francisco Echaurren,17:14
2026-07-29,Peter Fuentealba,17:03
2026-07-29,Ricardo Ahumada,18:07
2026-07-30,Edwards Hernandez,16:40
2026-07-30,Francisco Echaurren,17:02
2026-07-30,Peter Fuentealba,17:52
2026-07-30,Ricardo Ahumada,18:01
2026-07-31,Cristopher Hidalgo,14:16
2026-07-31,Edwards Hernandez,15:31
2026-07-31,Francisco Echaurren,15:39
2026-07-31,Peter Fuentealba,17:14
2026-07-31,Ricardo Ahumada,17:47
2026-07-31,Ruben H,16:52
2026-08-03,Edwards Hernandez,15:29
2026-08-03,Francisco Echaurren,19:36
2026-08-03,Peter Fuentealba,16:42
2026-08-03,Ruben H,14:19
2026-08-04,Edwards Hernandez,15:10
2026-08-04,Fabian Henriquez,11:40
2026-08-04,Francisco Echaurren,16:31
2026-08-04,Peter Fuentealba,17:12
2026-08-04,Ricardo Ahumada,17:58
2026-08-05,Edwards Hernandez,16:16
2026-08-05,Francisco Echaurren,16:18
2026-08-05,Peter Fuentealba,18:51
2026-08-05,Ricardo Ahumada,18:42
2026-08-06,Edwards Hernandez,15:45
2026-08-06,Francisco Echaurren,17:44
2026-08-06,Peter Fuentealba,16:50
2026-08-06,Ricardo Ahumada,17:07
2026-08-07,Edwards Hernandez,16:15
2026-08-07,Francisco Echaurren,17:23
2026-08-07,Peter Fuentealba,16:53
2026-08-07,Ricardo Ahumada,16:28
2026-08-07,Ruben H,14:47
2026-08-10,Edwards Hernandez,15:54
2026-08-10,Francisco Echaurren,16:29
2026-08-10,Peter Fuentealba,17:55
2026-08-10,Ricardo Ahumada,18:11
2026-08-10,Ruben H,14:15
2026-08-11,Edwards Hernandez,17:35
2026-08-11,Peter Fuentealba,15:46
2026-08-11,Ricardo Ahumada,17:02
2026-08-12,Antonia Olivares,16:31
2026-08-12,Edwards Hernandez,15:19
2026-08-12,Francisco Echaurren,16:38
2026-08-12,Peter Fuentealba,16:45
2026-08-12,Ricardo Ahumada,17:29
2026-08-13,Edwards Hernandez,15:38
2026-08-13,Francisco Echaurren,15:44
2026-08-13,Peter Fuentealba,14:42
2026-08-13,Ricardo Ahumada,18:29
2026-08-14,Edwards Hernandez,15:24
2026-08-14,Francisco Echaurren,16:31
2026-08-14,Peter Fuentealba,17:29
2026-08-14,Ricardo Ahumada,16:48
2026-08-17,Edwards Hernandez,17:37
2026-08-17,Francisco Echaurren,19:07
2026-08-17,Peter Fuentealba,18:20
2026-08-17,Ruben H,15:44
2026-08-18,Edwards Hernandez,16:38
2026-08-18,Fabian Henriquez,13:03
2026-08-18,Peter Fuentealba,17:44
2026-08-18,Ricardo Ahumada,18:39
2026-08-18,Ruben H,14:09
2026-08-19,Edwards Hernandez,16:22
2026-08-19,Fabian Henriquez,16:32
2026-08-19,Peter Fuentealba,18:08
2026-08-19,Ricardo Ahumada,18:15
2026-08-19,Ruben H,15:52
2026-08-20,Antonia Olivares,15:40
2026-08-20,Edwards Hernandez,16:39
2026-08-20,Fabian Henriquez,12:25
2026-08-20,Peter Fuentealba,18:58
2026-08-20,Ruben H,14:04
2026-08-21,Antonia Olivares,14:24
2026-08-21,David Hidalgo,12:45
2026-08-21,Edwards Hernandez,16:04
2026-08-21,Fabian Henriquez,13:16
2026-08-21,Peter Fuentealba,18:30
2026-08-21,Ruben H,14:44
2026-08-24,Cristopher Hidalgo,16:42
2026-08-24,Edwards Hernandez,16:30
2026-08-24,Fabian Henriquez,15:41
2026-08-24,Peter Fuentealba,17:33
2026-08-24,Ruben H,14:54
2026-08-25,Cristopher Hidalgo,19:11
2026-08-25,David Hidalgo,14:50
2026-08-25,Edwards Hernandez,16:56
2026-08-25,Fabian Henriquez,13:45
2026-08-25,Jorge Gonzalez,15:46
2026-08-25,Peter Fuentealba,16:41
2026-08-25,Ruben H,18:11
2026-08-26,Cristian Canseco,17:42
2026-08-26,Cristopher Hidalgo,16:33
2026-08-26,David Hidalgo,16:25
2026-08-26,Edwards Hernandez,15:58
2026-08-26,Jorge Gonzalez,12:49
2026-08-26,Peter Fuentealba,18:56
2026-08-26,Ruben H,14:05
2026-08-27,Cristian Canseco,15:22
2026-08-27,Cristopher Hidalgo,18:00
2026-08-27,David Hidalgo,15:31
2026-08-27,Edwards Hernandez,15:28
2026-08-27,Fabian Henriquez,14:59
2026-08-27,Peter Fuentealba,17:16
2026-08-27,Ruben H,13:54
2026-08-28,Cristian Canseco,13:20
2026-08-28,David Hidalgo,17:01
2026-08-28,Edwards Hernandez,16:08
2026-08-28,Fabian Henriquez,11:54
2026-08-28,Peter Fuentealba,17:31
2026-08-28,Ricardo Ahumada,17:38
2026-08-31,David Hidalgo,10:34
2026-08-31,Edwards Hernandez,16:41
2026-08-31,Fabian Henriquez,14:07
2026-08-31,Francisco Echaurren,17:12
2026-08-31,Peter Fuentealba,16:28
2026-08-31,Ricardo Ahumada,17:38
2026-09-01,Edwards Hernandez,17:23
2026-09-01,Fabian Henriquez,13:49
2026-09-01,Peter Fuentealba,17:48
2026-09-01,Ricardo Ahumada,16:42
2026-09-02,Cristian Canseco,14:38
2026-09-02,Cristopher Hidalgo,16:41
2026-09-02,Edwards Hernandez,16:18
2026-09-02,Fabian Henriquez,13:18
2026-09-02,Francisco Echaurren,09:28
2026-09-02,Peter Fuentealba,17:35
2026-09-02,Ricardo Ahumada,18:09
2026-09-02,Ruben H,16:05
2026-09-03,Edwards Hernandez,17:35
2026-09-03,Fabian Henriquez,16:27
2026-09-03,Francisco Echaurren,17:11
2026-09-03,Peter Fuentealba,18:11
2026-09-03,Ricardo Ahumada,17:09
2026-09-04,Edwards Hernandez,17:01
2026-09-04,Fabian Henriquez,11:46
2026-09-04,Francisco Echaurren,16:45
2026-09-04,Jorge Gonzalez,16:25
2026-09-04,Peter Fuentealba,17:56
2026-09-04,Ricardo Ahumada,15:03
2026-09-07,Cristian Canseco,13:32
2026-09-07,Edwards Hernandez,15:43
2026-09-07,Fabian Henriquez,13:53
2026-09-07,Francisco Echaurren,16:58
2026-09-07,Jorge Gonzalez,14:42
2026-09-07,Peter Fuentealba,17:59
2026-09-08,Cristopher Hidalgo,17:45
2026-09-08,Edwards Hernandez,16:35
2026-09-08,Francisco Echaurren,14:31
2026-09-08,Jonathan Reyes,16:24
2026-09-08,Jorge Gonzalez,14:46
2026-09-08,Peter Fuentealba,16:07
2026-09-08,Ricardo Ahumada,18:44
2026-09-08,Ruben H,10:05
2026-09-09,Edwards Hernandez,15:57
2026-09-09,Francisco Echaurren,16:53
2026-09-09,Peter Fuentealba,16:39
2026-09-09,Ricardo Ahumada,16:18
2026-09-10,Edwards Hernandez,16:30
2026-09-10,Fabian Henriquez,16:05
2026-09-10,Francisco Echaurren,16:36
2026-09-10,Jorge Gonzalez,17:29
2026-09-10,Peter Fuentealba,16:48
2026-09-10,Ricardo Ahumada,09:17
2026-09-11,Edwards Hernandez,15:48
2026-09-11,Fabian Henriquez,15:39
2026-09-11,Francisco Echaurren,15:44
2026-09-11,Peter Fuentealba,16:37
2026-09-11,Ruben H,11:36
2026-09-13,David Hidalgo,18:51
2026-09-14,Adrian Vargas,16:17
2026-09-14,Edwards Hernandez,16:33
2026-09-14,Fabian Henriquez,11:54
2026-09-14,Francisco Echaurren,17:54
2026-09-14,Peter Fuentealba,16:31
2026-09-15,Adrian Vargas,18:33
2026-09-15,Cristian Canseco,17:45
2026-09-15,Edwards Hernandez,15:38
2026-09-15,Fabian Henriquez,12:48
2026-09-15,Francisco Echaurren,15:50
2026-09-15,Jorge Gonzalez,14:18
2026-09-15,Peter Fuentealba,16:56
2026-09-15,Ricardo Ahumada,17:36
2026-09-16,Adrian Vargas,18:09
2026-09-16,Cristian Canseco,16:22
2026-09-16,Cristopher Hidalgo,18:14
2026-09-16,Edwards Hernandez,16:43
2026-09-16,Fabian Henriquez,16:24
2026-09-16,Francisco Echaurren,16:29
2026-09-16,Peter Fuentealba,17:16
2026-09-16,Ricardo Ahumada,17:51
2026-09-17,Adrian Vargas,11:49
2026-09-17,Peter Fuentealba,14:10
2026-09-17,Ricardo Ahumada,14:10
2026-09-21,Edwards Hernandez,16:56
2026-09-21,Fabian Henriquez,13:58
2026-09-21,Francisco Echaurren,16:22
2026-09-21,Peter Fuentealba,16:22
2026-09-21,Ricardo Ahumada,15:37
2026-09-22,Adrian Vargas,13:27
2026-09-22,Edwards Hernandez,15:10
2026-09-22,Fabian Henriquez,15:47
2026-09-22,Francisco Echaurren,16:55
2026-09-22,Peter Fuentealba,14:52
2026-09-22,Ricardo Ahumada,18:10
2026-09-23,Adrian Vargas,16:04
2026-09-23,Cristian Canseco,16:25
2026-09-23,Edwards Hernandez,17:01
2026-09-23,Fabian Henriquez,13:39
2026-09-23,Francisco Echaurren,15:46
2026-09-23,Peter Fuentealba,18:10
2026-09-24,Adrian Vargas,15:32
2026-09-24,Edwards Hernandez,16:44
2026-09-24,Fabian Henriquez,11:11
2026-09-24,Francisco Echaurren,17:04
2026-09-24,Peter Fuentealba,13:22
2026-09-25,Adrian Vargas,16:28
2026-09-25,Edwards Hernandez,16:57
2026-09-25,Fabian Henriquez,15:13
2026-09-25,Francisco Echaurren,18:19
2026-09-25,Jorge Gonzalez,12:43
2026-09-25,Peter Fuentealba,16:59
2026-09-25,Ruben H,13:42
2026-09-28,Adrian Vargas,17:46
2026-09-28,Edwards Hernandez,15:47
2026-09-28,Francisco Echaurren,18:11
2026-09-28,Peter Fuentealba,17:32
2026-09-29,Adrian Vargas,17:43
2026-09-29,Cristopher Hidalgo,15:01
2026-09-29,David Hidalgo,12:42
2026-09-29,Edwards Hernandez,15:50
2026-09-29,Fabian Henriquez,17:33
2026-09-29,Francisco Echaurren,17:22
2026-09-29,Peter Fuentealba,17:59
2026-09-29,Ruben H,16:13
2026-09-30,Adrian Vargas,17:58
2026-09-30,Edwards Hernandez,17:25
2026-09-30,Francisco Echaurren,19:08
2026-09-30,Jorge Gonzalez,13:34
2026-09-30,Peter Fuentealba,17:27
2026-10-01,Adrian Vargas,15:50
2026-10-01,Edwards Hernandez,15:55
2026-10-01,Fabian Henriquez,14:50
2026-10-01,Francisco Echaurren,16:57
2026-10-01,Jorge Gonzalez,14:12
2026-10-01,Peter Fuentealba,16:28
2026-10-02,Adrian Vargas,15:32
2026-10-02,Edwards Hernandez,15:33
2026-10-02,Fabian Henriquez,15:55
2026-10-02,Francisco Echaurren,17:03
2026-10-02,Peter Fuentealba,17:28
2026-10-05,Adrian Vargas,13:37
2026-10-05,Edwards Hernandez,17:18
2026-10-05,Francisco Echaurren,17:48
2026-10-05,Peter Fuentealba,18:36
2026-10-06,Cristopher Hidalgo,17:45
2026-10-06,Edwards Hernandez,18:45
2026-10-06,Fabian Henriquez,14:11
2026-10-06,Francisco Echaurren,18:45
2026-10-06,Peter Fuentealba,17:15
2026-10-06,Ruben H,16:25
2026-10-07,Cristopher Hidalgo,18:46
2026-10-07,David Hidalgo,15:06
2026-10-07,Edwards Hernandez,16:01
2026-10-07,Fabian Henriquez,11:59
2026-10-07,Francisco Echaurren,16:59
2026-10-07,Peter Fuentealba,19:49
2026-10-08,Cristopher Hidalgo,17:20
2026-10-08,David Hidalgo,12:38
2026-10-08,Edwards Hernandez,15:58
2026-10-08,Francisco Echaurren,18:52
2026-10-08,Jorge Gonzalez,17:01
2026-10-08,Peter Fuentealba,18:21
